1.45228687043152,1.55597327039925,1.49796806722801,1.33217335961281,1.55770634979137,1.17414259320991,1.16673547760671,1.40961872480545,1.21824794582736,1.33467801415194,1.68578406624976,1.49675928132358,2.21818091035142,1.97096560870054,2.04341752001346,1.70935339287734,1.42484807624014,1.40302970927263,1.63963366717294,1.88362977167715,1.39512910429918,1.88255123849501,1.22332129343786,1.39486732412318,2.25025331290279,1.91811371225832,1.9507555549883,3.61847693557299,1.54005277514843,1.23965102756588,1,1.35992969623785,1.88138807948307,1.28834391973783,1.41669250481001,1.8821893729166,1,1.24150828743777,1.35538808135906,1.33710093513293,1.23182097891286,1.63996509513076,1.1676491119429,1.72835476395809,1.41435985511777,2.01586354556113,2.19025726358969,1.48128817208318,1.88497994991909,1.89120678596201,1.20352093875165,1.40391483065543,1.62776045596961,1.94263402397374,1.2517831949717,3.58009636427412,1.36542307524063,1.33369988832006,1.35191624766158,1.88567170688146,1.221518009839,1,1.17222006315492,1.41527369930059,1,1,1.12069910844067,1.15198676760269,1,1.47162994359429,1,1,1.79985654870651,1,1,1,1,10.6868091005236,NaN,1,1.79385780829884,NaN,1.17236006786131,1.59669937117629,NaN,1,1,1,1,1.27538357186974,1,1,1,1,1,1,NaN,1,NaN,1.44146502357069,1,1,1,1,1,1,1.87224110558328,1.63438611608471,NaN,1,1.56597179841528,1,1,1.88567170688146,NaN,1.98837827932831,1,2.17458142819316,2.15657599817397,1,1.41421356237313,1.78935030234286,1
1.48339569980615,1.44321059296977,1.45623311426067,1.35858036293144,1.17876890265232,1.20225329940403,1.19385646179354,1.26270105083798,1.22337714674074,1.32557888282764,1.86396582297669,1.5280555832448,1.24592794329499,1.76428070599472,2.39015663190594,1.5577391311948,1.32707351273169,1.29731948389833,1.72027992700314,1.80362578421177,1.30327185060055,1.63458325546836,1,1.84399651979639,2.95096548319084,1.7661848284938,1,1.58636057954117,1.30098492022604,1,1.88567170688146,1.18003739071727,1.61477859010445,1.23965102756588,1.35163629798966,1.27825273826139,1,1.30817304034487,1.13257398902511,1.34898634640672,1,2.55768755676034,1.9508856260056,1.55549991626044,2.02905194810738,1.55457379356175,1.24971451471789,1,1,1.32707351273169,1,1,1.35443999034435,1.65191770759396,1.24507078588052,2.03198186890558,1.23243481660586,1.14869835499704,1.57782146388407,NaN,1,1.27770376826485,1,1.67484061508586,1,1,1,1.29950706113674,1,1.32318807230038,1.377088023004,1,1.61923450856413,1,1,1,1,1.73099988707573,1,1,1.33944655845854,1,1.37284686760863,1.48516212052313,1.64673839614107,1,1,1,1,1.29950706113674,1,1,1.18920711500273,1.49210624836104,NaN,1.23781310873768,1,1,1,1.58286565083323,1.32707351273169,1,1,1,1,1.15549772075248,1.82756172977119,1.32059548606463,NaN,1,1.40245068002146,1,1,1,NaN,2.75874424314562,1,NaN,4.56845404186916,1.6325269194382,1,1.83848463639159,1
1.45290633387128,1.51674347707741,1.43984821572215,1.69200207120814,1.24732189835559,1.24350424105977,1.27577185482972,1.28166333567276,1.30284331841841,1.31389194393758,1.4890944474151,1.39037603391347,1.43373155146291,1.97319752055325,1.96125376113583,1.93237698580134,1.62527332863257,1.56780167570591,1.44703151006477,1.65543739051298,1.36194019868087,1.95710181772019,1,1.71431941562523,3.59963146081047,1.94855473885465,1.14869835499704,2.01689813026116,1.63492944491824,1.36402479587381,1,1.65433798164065,1.85433194802049,1.30587188791124,1.4773347569707,1.51601478828029,1,1.41211657537044,1.44817542755688,1.33472135826705,1,1.55883810789849,1.23965102756588,1.69299881457324,1.38571058852612,2.12165900851803,1.20109521960919,1.27770376826485,1.177479759345,1.46960735702611,1,1.16531616377333,1.61316263640363,1.92643576466253,1,1.50997619435693,1.23552874566569,1.34563905842758,1.91788237453747,2.66514414269039,1,1.15549772075248,1,1.1676491119429,1,NaN,1,1.20352093875165,1,1.36007421992556,1.24398612495523,1,1.73300196403774,1,1,1,1,NaN,1,1,1.36340444862104,1,1.20352093875165,1.7781780147065,2.38427213041118,1,1,1,1,1.177479759345,1,1,1,NaN,1,1.16329572083702,NaN,1,1,1.27824891519489,1,1,1,1,1,NaN,1.11738639048092,1.75653577524396,1,1,1,1,1,NaN,NaN,1.69986076796419,1,1,1.85588411550164,1.49210624836104,1,2.92467671437729,1
1.4761299481489,1.65441486441948,1.73174082171979,1.58372521223601,1.50131567193232,1.45668260843072,1.43894595619599,1.46285450408073,1.43422454557191,1.4237768869223,1.55886260131036,1.63385859175554,1.57479921787515,2.02246933368326,2.26287124732991,1.80671077348047,1.62799019979393,1.45278578307661,1.48025217856905,1.69240434079401,1.36778650959461,2.52274257961178,1.47304097562724,2.58302922894406,5.01606311039196,2.10823805264089,1.24855234563197,1.92372804185453,1.56071095802737,1.12824286575844,2.63354470617172,1.3484595874933,1.825805793778,1.35354473617391,1.22179601966047,1.73333198789085,1.18586081363847,1.25225889088251,1.42864322132769,1.34713485257643,1,1.74077339003352,1.36868588213586,1.76987560331,1.41717106776562,9.17854503937512,1.28882562085482,1,1.31607401295275,2.36105974243115,1.23243481660586,1.27869819274229,1.64155407980262,1.99855904945562,1.36799456455321,7.99339943758556,1.69562613459902,1.29883009798145,1.77507349832068,1,1,1.15925722347831,1.5030234644858,1.34955704949581,1,1,1.27770376826485,1.37002390862912,1,2.40586076343916,1.23243481660586,1,1.82076978088826,1,1,NaN,1,10.3311069183409,1,NaN,3.00413950477957,1,1.47075931254967,1.64706249659454,5.26417729100771,1,1.22103458604073,NaN,1,1.28999595140659,1,1,1,NaN,1,1,1.36340444862104,1,1,1.85181041472798,1,1,1,1,1,NaN,2.03467680545498,1.57741126934576,1,2.82842712474637,1.85887169051965,1,1,NaN,2.80035825828119,1.80762247669898,1,3.32199708548416,1.91476321881319,1,1,1.84824979429491,1
1.47788066805529,1.16558382720161,1.22546929295685,1.38580311918312,1.45438091811869,1.48144655980143,1.19907160623009,1.15715451898186,1.28347956433677,1.36219021683985,1.963253441583,5.5263455972707,1.35848434809863,1.93757746110945,2.62916743009084,1.64478593735708,1.61631941335344,1.43412683992649,1.80529418248689,1.93188589112979,1.47341262788705,2.32229326937929,1,1.25390840340905,2.17285889607944,2.39745442345914,1.23243481660586,1.82342370187801,1.48931560278141,1.27538357186974,1.41421356237313,1.26104622709684,1.87508280914257,1.26385588248547,1.29657278116924,1.38962192112368,1,1.15925722347831,1.21445240849567,1.34738744789571,1,1.5927729248485,1.30532573906283,1.63729736222224,1.33890847275084,1.90971318135127,1.27768427047575,1,1,1,1,1.22086378269536,1.55963956103201,1.94233815701487,1.17236006786131,1.52693038213371,1.20352093875165,1.37894080117507,1.18920711500273,NaN,1,1.32364836948299,1,1.221518009839,1,1,1.36340444862104,1,1,3.36770710830675,1.26713042293276,1,1.60411066945848,1,1,1,1,1,NaN,1,NaN,1,1,1.32171652116626,1.6325269194382,NaN,1,1,1,1.24507078588052,1,1,1,1,NaN,1,1,1,1,1.14869835499704,1,1.25992104989489,1,1,1,NaN,1.28621919024892,1.13736501890239,NaN,NaN,1,1,NaN,1,1,2.81321554592524,1,1,2.00838842493198,3.12477729732724,1,2.45059531839835,2.6882686840016
1.14418673475464,1.16127773321047,1.20872732587612,1.31269179946452,1.15644900137205,1.4620010228806,1.45021007832779,1.13975968730876,1.27197134946765,1.27745722294676,1.48127693586841,1.38346582917911,1.40884081393154,1.81508187411972,1.93315805672467,1.77934087104022,1.59228349303592,1.43605946816664,1.47486629014248,1.66860652599031,1.42716222691721,1.8584977496183,1,1.4853487038049,2.06883726157486,1.95495973140998,1.19598466369886,1.87754862072485,1.71344434653337,1.26152190421219,1,1.3371208246531,1.84201855467248,1.30832098311516,1.40768589671142,1.45456282894473,1.20051352317105,1.25577121745002,1.35682893344128,1.40645501547332,1.20352093875165,1.61935010126288,1.32066503152287,1.81901299220756,1.4478492812296,1.78006409236919,1.4415740093029,1,1.25618699786861,1,1.23243481660586,1.17726204046571,1.55108259161341,1.8921206364025,1,1.71522620692098,1,1.30060928713755,1.21157814719086,3.95890021011902,1,1.14869835499704,1,1,1,1,1,1.23182097891286,1,1.38572481002035,1.24427188967351,1,1.7244038306558,1,1,NaN,1,1,1,NaN,1,1,1,1.71440899888006,1,NaN,1,1,1,1.21196673213245,NaN,1,NaN,1,NaN,1.25992104989489,1,1,1,1.29731948389833,1,1,1,1,1,NaN,1,1,1,1,1,1,1,1,1,1.32098095271737,1,1,1.54074358300745,1,1,1.61481816931046,1
1.13927279310861,1.14826630478925,1.18475640981891,1.28865550029296,1.1914521237453,1.1602582388351,1.46485753766495,1.44275317044314,1.19896899949639,1.21530656499989,1.39941982249661,1.32095061626207,1.64138409179335,1.71359624381724,2.06754786778212,3.73134381896166,1.61292964433558,1.53619792750208,1.37064481981297,1.50803953258347,1.53821974268501,1.77312667062938,1.41421356237313,1.41229563812365,2.24166954714491,1.97286528734027,1.38352591577038,1.89867484008297,1.72030706472382,1.32303693371964,1,1.45389941444613,1.75860466764148,1.36774605156538,1.41275417367022,1.63157467024333,1.38026451193901,1.22066219905672,1.43690471666418,1.46016236658025,1.19107353821032,1.74788611207967,1.31564441445475,1.79982206637432,1.59587406674732,1.94469553643659,1.51972393625056,1.25992104989489,1.39211974966614,1,1.15198676760269,1.26025170505154,1.74902533375087,1.87373952358652,1.16113866283406,1.60138566560379,1.19562886406029,1.27635423851543,1.31207647468047,2.66514414269039,1,1.3272610618181,1.29881456672813,1.43129710727167,1,1,1,1.12246204830938,1.50168598793957,1.59106483857798,1.14869835499704,1.29950706113674,1.80126549299742,1.28908513663824,1,1,1,1,NaN,NaN,1,1,1,1.44504434419212,1,1,1.27621002792761,1,1.27770376826485,1.18003739071727,1,1,1,1,1.36340444862104,1.17236006786131,NaN,1,1,1.27091467251688,1,1.13995923661188,1,1,1,1.49210624836104,1.38900096981603,1.21307478803747,1,1.45476366434402,3.61025863256633,1,1,NaN,1,1.39170840050707,1,1,1.52360358850621,1,1,1.39769143113719,1
1.20448910953982,1.30943780974136,1.21516606644876,1.36047142716007,1.16789171794187,1.1616253734868,1.44871548720854,1.52122916142513,1.21242581991151,1.25342735517904,1.8533236318194,1.6459790046978,1.27489854545844,1.8225081491835,2.04377825893765,1.62915897297197,1.38841511149389,1.21196673213245,1.85597736045451,1.91425293441586,1.23823912024575,1.68052615457969,1,1.36340444862104,2.04268305140311,1.64294311746404,1,1.69199884665418,1.33927232651567,1.18920711500273,1,1.22624303596659,1.59378179309224,1.17236006786131,1.13035559372476,1.29626830040295,1,1.45791400924927,1.14561011444293,1.33549613151988,1,1.46499679421356,1,1.50838427224365,1.32132633989842,1.96522561698651,1.13257398902511,1,1,NaN,1,1,1.28915031725427,1.61308132556939,1,1.41396016690349,1.30971188002043,1.17471491864596,1.18920711500273,1,1,1,1,1,NaN,1,1,1,1.35750597861774,1.46327940513615,1.221518009839,1.6325269194382,1.44453055027477,1,1,1,1,1,NaN,1,1,1,1,1.54996454248574,NaN,1,1,1,1,1.27770376826485,1,1,NaN,1,1,1.41421356237313,1,NaN,1,1.18920711500273,NaN,1,1,1,1,1,1,1.27444330659056,1,NaN,1,1,1,1,1,1.45130955264589,1,1,1.56183651875394,1,1,1.89668076511834,1.49210624836104
1.20063622857139,1.23184339073166,1.21450280418609,1.30278322996768,1.26057518384774,1.20377674057674,1.16847776430656,1.19077520447492,1.46400758142049,1.20501621214119,1.34479050293736,1.31437100482836,1.54025106670808,1.81997087960837,1.71497260113966,1.82506165404785,1.54456172774808,1.1427026898324,1.37914148674563,1.5692154306181,1.55410463128857,1.90694782786873,1,1.39055711658689,2.10057332897456,1.89426078109108,1.35400898842152,1.91046515187236,1.61864187152893,1.12069910844067,1,1.2915243207263,1.87809740766297,1.27210510146737,1.38423657088129,1.45119239774636,1,1.22867363906691,1.24555953039969,1.35480435910897,1,2.23696021983709,1.26226143980782,1.85521144028146,1.44321756261218,1.8211838981423,1.30487218385098,1,1,1,1,1.22428301721916,1.70230183931644,1.99543816790009,1.14561011444293,1.53518511187211,1,1.17726204046571,1.41355017369302,NaN,1,1.23552874566569,1.14561011444293,1.25125933593443,1,1,1.24427188967351,1.42853443080008,1,1.32555225759788,2.0489477803965,NaN,1.68127857920065,1,NaN,NaN,1,1,1,1,1,1,1,1.45448171035342,1,1,1,NaN,1,1.31473407044916,1,1,1,1,1,1.27770376826485,NaN,1,1,1.20352093875165,1,1.177479759345,1,1,1,1,1.1676491119429,1,1,1,1,1,1,1,1,1.1676491119429,1,NaN,2.02927143216055,1,1,1.81286689713196,1
1.29025930493632,1.35077439221588,1.26958113839318,1.26823667894443,1.30777306706997,1.21395763426496,1.16538021388141,1.25191241240352,1.45335459811369,1.54448451872429,1.43714645739735,1.22839194310205,1.88949098902379,1.57527973676231,1.53614405487015,1.8602028807653,1.78787258536811,1.78957437403907,1.36037728648817,1.4413272186202,1.79221175606118,1.71350411606216,1,1.60866262890558,2.24676192501094,1.9667633515038,1.310680051972,1.8351764948022,1.75268742567478,1.37696316671009,1.51889557718232,1.43333100868479,1.83745389187435,1.42820791044285,1.44491749384774,1.50909237663552,1.19572092783327,1.29335253624776,1.33174944048265,1.49075883009845,1,1.8078696637411,1.37946321330698,1.82629042909107,1.63459548845195,2.12524116813618,1.30559702347039,1,1.27840761861194,1,1.14869835499704,1.28288219947936,1.80038539069584,1.90440197229833,1.35986046741184,1.55671999797729,1.29029141318227,1.33865838468288,1.1827831216415,2.17458142819316,1.25992104989489,1.17731804503027,1.18307015360506,1.36738406412936,NaN,1,1,1.50181836648847,1,1.64341614072544,1.27846121101212,1,1.94787080561851,1.221518009839,1,1,1,1,1,NaN,NaN,1,1.46177630938359,1.46645092287588,NaN,1.221518009839,1,1,1.29950706113674,1.30425236238806,1,1,1,NaN,1,1.221518009839,1,1,1,1.23781310873768,1,1.35707530448362,1,1,1,1,1.24374988105902,1.23243481660586,NaN,1.32364836948299,1,1,1,1,1,1.83049822733728,1,NaN,1.81026900400074,NaN,1,1,1.24507078588052
1.80322882632852,1.82301986443214,1.60208614924459,1.66054093552008,1.8980495105866,1.54057337504215,1.46122396304694,1.81475823599524,1.35521168897366,1.18122395758049,1.42776548838312,1.73891211292567,1.58223166593909,1.61407435045836,1.34541876153967,1.85653973610111,1.74194212014834,1.84253826438374,1.28724012114293,1.42006434554623,1.70282844020128,1.26369399581739,1,1.44268220978107,2.08137967719949,1.93421327605561,1.7949574838131,1.9201772728543,1.6004855446979,1.282477048269,1,1.22086378269536,1.22507176610419,1.16752696053054,1,1.23243481660586,1,1,NaN,1.36681857715687,1,1.60877884218688,1,1.86841946019276,1.38741161471625,2.0746389015014,1.21831308208224,1,1,1,NaN,1.22086378269536,1,1.45404607698168,1,1,1,1.15549772075248,1,NaN,1,1,1,1,1,1,NaN,1,1.23965102756588,1.56752103074296,1,1,1.68482623746086,1,1,1,1,1,1,1,NaN,1,1,1.17236006786131,NaN,NaN,1,1,1,NaN,1,1,1,NaN,1,1,1,1,1,NaN,1,1.40012656381128,1,1,1,1,NaN,NaN,1,1,1,1,1,1,1,1.41421356237313,1,1,1,1,1,1,1
1.51355078284314,1.53276235188962,1.43854855256932,1.77960339598838,5.09816434497492,1.41479039885829,1.34259482657065,1.55451864684882,1.27968060401808,1.20099195025566,1.68451745019055,1.49698742752269,1.30238043788148,1.87443563835064,1.90986134183302,1.75605370095381,1.39580019075547,1.33686511350421,1.29293151533358,1.45360771328599,1.67504494497005,1.22353192467144,1.35750597861774,2.14228020339749,7.35742507002667,1.99251926145875,1.20352093875165,1.84948318408145,1.46750375258291,1.27770376826485,1.51472880256298,1.83146789940269,1.47510329911338,1.68117669645071,1.92013922374599,1.58456948565423,1.7799795680802,1.57893655630853,1.75758600334428,1.35720419357374,1,1.38774728710678,1,1.63727626159557,1.29891640266631,2.21880726751311,1.22103458604073,1,1.27770376826485,1.46177630938359,1.30157116635032,1.35326279473885,1.67231976699617,2.40514287150761,1.4681326387759,1.96503754174953,1.31535455120655,1.47698324069361,1.47386924911576,1,1.13035559372476,1.40943271147234,1.30480061704457,1.30777901241106,1,1,1.2114414927423,1.32707351273169,1.20352093875165,1.47304097562724,2.71548933361435,NaN,1.53419356263794,NaN,1,NaN,1,1,1,1,1,1,1,1.26255828132535,4.21146040620062,1.26801339640261,1.243839289547,1,1.29731948389833,1.34157198370656,1,NaN,1,1,1,1.17222006315492,1.221518009839,1,1,3.10088819552302,1,1,1,1,1,1,1.37991619425369,1.28908513663824,1,1.33786722509929,1.18898543158006,1,1,1,1,1.221518009839,1,1.27770376826485,1.32698093089294,1.6999517610803,NaN,1,1.39588775407627
2.20443885184021,1.29868415891848,1.46117724873857,1.51608784304648,1.32980545042423,1.36957771060683,1.64407783321293,1.37608884991789,1.60894152812168,1.80343424453867,1.64822230403868,1.27704193014992,1.34207364030856,1.2847318510802,1.89593822664662,1.2127859705181,1.44224957030778,1,1.24187133125774,1.62621591877843,1.59149892922859,1.85726324293278,1,1.25992104989489,1.56850812582355,1.54547518319837,1,1.67777496545718,1.36875718312467,1,1,1,1.39354459354053,1,1,1,NaN,1,1,1,NaN,1,1,1,1,1,1,1,1,NaN,1,NaN,1,1.18003739071727,1,NaN,1,1,NaN,1,1,1,NaN,1,1,1,1,1,1,1,1,1,1,1,1,1,1,1,1,1,1,1,1,1,1,1,1,1,NaN,1,1,1,1,1,1,1,1,1,1,1,1,1,1,1,1,1,1,1,1,1,1,1,1,1,1,1,1,1,1,NaN,1,1,1
2.00086564071017,1.8188749218892,2.00233065193504,2.05237344789323,1.98187342345129,1.89823895884728,1.82722947245081,1.94837544002252,1.73477210840531,1.58433265354201,1.67214949443173,1.83864813327057,1.27848081516247,1.51913608947811,1.41818367178561,1.87647904654521,1.83733066245261,1.32707351273169,1.2201169785878,1.23605291988262,1.48638619411061,1.56126923576302,1,1.74142599296895,1.77297051079529,1.56749589628803,1.29428347696969,1.35355435153487,1.56901927835971,2.02974885464063,1,1.48893176793731,1.48425125695782,1.58386945347911,1.29649494354156,1,1,1.1676491119429,1.29731948389833,1,1,1.2255846977522,1,1.41451195104714,1.16329572083702,1.28664614402809,1.50296731941398,1.32707351273169,1.25800101764288,1,1,1.53383315743898,1,1.78263883799829,1.29950706113674,1.59540904450059,1,1,1.38154147071884,2.53250621690789,1,1.16329572083702,1.21196673213245,1.1676491119429,1,1,1,1,1,1.8682492581068,NaN,1,1.23730682119056,1,1,1,1,1,NaN,1,1,1,NaN,1,NaN,NaN,1,1,1,1,1,1,1,1,1,1,1,1,1,1,1,1.16329572083702,1,1,1,NaN,1,1,1,1,1,1,1,1,1,1.64369156184854,1,NaN,1,1,1,1,1
2.02161180237759,2.30762768128953,1.90519369260004,2.54060760148023,2.54315142106139,1.87425953694028,2.15040532754377,2.04347006136806,1.64700211606726,1.43245579314358,1.33694288436427,1.9244552077943,1.81573708030127,1.38115313057132,1.56529214378891,1.23725251608084,1.66320362663968,1.75433430726883,1.3154902870894,1.31060381462814,2.73054531881998,1.57816004637931,1.25992104989489,1.92078871105566,9.34402318615868,5.05057184367392,1.58961795505867,1.86479897434992,1.50335595899915,2.07736096423409,1.6325269194382,1.47749196205433,1.49618220380564,1.45906210943326,1.70997594667667,1.6191821658819,1,1.32707351273169,1,1.83675834606266,1.36428234106155,1.79478312695787,1.4888048433921,1.43773860252973,1.89917864206209,2.75196213316153,1.58163237093686,1.32707351273169,1.47238611881456,1.36340444862104,1.36340444862104,1.71972360985672,1.41539933915677,2.52155348125494,1,2.24618269779966,1,1.45491138811868,1.75275944330986,1,1.29029141318227,1.34707912109824,1.10885536541774,1.221518009839,NaN,NaN,1,1.48909152140799,3.96547920421952,4.9966637222605,1.29565702991248,1,1.77021564743913,1.30196755210087,1,1,1,1,1,1,1,1,NaN,1.1676491119429,3.83129998554673,1,NaN,1,NaN,1,1,1,1,1,NaN,NaN,1,1,1,1.43037931580289,1.4368018068344,1.58679990952417,1,NaN,1,1,1,1,1,1,1,1,1,1,NaN,3.35947514760662,1,1,4.36070192214689,1.49210624836104,1,NaN,1
1.79732600374357,1.52337216541088,1.91505480881579,1.71556322057388,1.65476344465688,1.73413069215907,3.78123680613656,1.61889901226606,1.84947671933348,1.79628507983477,1.87412727029429,1.76664773325815,1.14554903303363,1.81420866964143,1.41653574917118,1.75156146665302,1.47062593835463,1.87256703960606,1.56115977749634,1.6478559705202,1.79409518076144,1.46126005667604,1,NaN,3.58699265476713,1.54701227586809,1.53569480755323,1.64195116775692,1.22595208904798,1.59751275120976,1,1.71122691130505,1.6473981224197,1.75949440548317,1,1,1,NaN,1,1.7127625544581,1.34785932306108,1.81550471395931,1.38652775505895,1.29928442927856,1.83814108484092,1.97214602265634,1.12824286575844,1.21196673213245,1,NaN,NaN,1,1.25992104989489,1.50625631810477,1,1,1,1.3349279253472,1.25992104989489,NaN,1,NaN,1,1,1,1,1,1.26643857115457,2.00665375766839,1.55128988801748,1,1,1.83573794918071,1,1,1,1,1,1,1,1,1,1,1,1,1,1,1,1,1,1,1,1,1,1,1,1,1,1,1,NaN,1.97190119036547,1,1,1,NaN,NaN,1,1,1,1,1,1,1,1,1,1,1,1.36340444862104,1,1,1,NaN
1.68639171729616,1.25846271956343,1.39823510955242,1.20621719686272,1.4851390985462,1.48809862175488,1.58176649317272,1.45506301448714,1.52105028809306,1.65099185679834,1.76984691965821,1.29380196434829,1.29950706113674,1.84003788189533,1.72049509376415,1.47155010596851,1.60118246086384,2.74740085534555,1.75035656235437,1.77442060628729,1.17236006786131,1,1,1,2.09892545969146,1.61992746659787,2.09459320428546,1,1.51970670196668,1.45559058917234,NaN,NaN,1,1,1,1,NaN,1,1,1,1,1.326874991932,1.20352093875165,1.71901583540428,2.25721921990994,2.18822113952281,1,1,1,NaN,1,NaN,1,1.41421356237313,1,1,1,1.41421356237313,1,1,1,1,1,1,1,1,1,1,1.23781310873768,1,NaN,1,1.29680376214302,1,1,1,1,1,1,1,1,1,NaN,1,1,1,1,1,1,1,1,1,1,1,1,1,1,1,1,1,1,NaN,1,1,1,1,1,1,1,1,1,1,1,1,1,1,1,1,1.6325269194382,1,1,1,1
1.37177624884882,1,1.53412438545409,1.25743822639718,1.18920711500273,1.19572092783327,1.32993927804389,1.23182097891286,1.27154586080779,1.41094182137169,1.64981490213689,1.32235807243126,NaN,1,1.70049779935467,1.78193217015269,2.97443114188174,1.30190057291948,1.27088474131768,1.39396328464783,1,1,1,NaN,2.10017825399778,1.71254419600971,1.67171025743528,1,1,1.74329363129521,1,1,NaN,1,1,1,1,1,1,1,1,1,1,1.42370962884901,1.43726286352425,1.62118832025289,1,1,1,1,1,1,1,1,1,1,1,1.3797296614612,NaN,1,1,1,1,1,1,1,1,1,1,NaN,NaN,1,1,1,1,1,1,1,1,1,1,1,1,1,NaN,1,1,1,1,1,1,1,1,1,1,1,1,1,1,NaN,1,1,1,1,1,1,1,1,1,1,1,1,1,1,1,1,1,1,1,1,1,1,1
1.632990312286,1.72928094019524,1.52612093625693,1.49163298842402,1.72456858241788,1.51874124167036,1.45773915605993,1.74925513335062,1.41688910829744,1.29472558078832,1.25618831533562,1.27332851913694,1.253456960312,1.26403179751919,1.34112265224091,1.65614395923639,1.75582316441359,1.59623995263408,1.50883581206636,1.53329338798503,2.07939766307687,1.8181260361314,1.37831921392991,1.67528894961569,1.90677321006713,1.70132099607941,1.42652141419115,1.5728822658086,2.02626360831445,1.38527679069553,1.31473407044916,1.36914816526519,1.50398116138905,1.57341523590974,1.26801339640261,1.23859907881302,1,1.23149112349722,1.16329572083702,1.56914320978988,1.20051352317105,1.83029594635079,1.37386989538932,1.75081527112208,1.6435892410238,1.95102874710883,1.35430865517268,1,1.21361447144992,1,1.26385588248547,1.50574200663556,1.22194768738185,1.8560669766424,1,1.59198113044476,1,1.35837075618597,1.29965707156385,1,1,1.21615730811997,1,1.28521880292343,1,1,1,1.3140303714154,1.30521789958428,1.66754968489794,1.34155515575932,1,1.89169988458414,1.21196673213245,1,1,1,1,NaN,1,1,1,1,1.21615730811997,2.17458142819316,1,1.29950706113674,1,1,1,1,1,1,1,1.6325269194382,1,1,1,1,1.28621919024892,1,1.35729645191053,1,1,1,1,1.20576834704218,1,1,1,1,NaN,1,1,1,1.25992104989489,NaN,1,1.13995923661188,1,1,NaN,1
1.83848515836915,1.9532737241078,1.72577296047627,1.86176403403302,1.88199942677429,1.69339126736596,1.51180180187605,1.85890732637213,1.52472760016512,1.36852853187067,1.35358440323006,1.48960911136432,1.64389201251751,1.23209140645636,1.35593928561516,1.63624353107319,1.77698973492788,1.47460585890812,1.19884921421086,1.4845975977798,2.30869056653671,1.47220052061618,1,1.41462460126596,2.10966516946221,1.91592499073665,1.2821531359777,1.92739740168416,1.55725909009434,1.17731804503027,1,1.20726843043897,1.17551693069099,1.26975824856689,1.21196673213245,1.15549772075248,1,1,1,1.47574229265899,1.19936041644314,1.8116636961373,1.23142317038508,1.66911302155623,1.6718754017522,2.00209461463484,1.24528046730402,1,1,1,1,1.31002258445091,1,1.56732983081058,1.41421356237313,2.1407726264878,1,1.28216550738544,1,NaN,1,1,1,1,1,1,1,1.23182097891286,1.22409238928166,1.68178294311975,1,1,1.8489489971386,1.221518009839,1,1,1,1,1,1,1,1,1,1.39269966470654,1,1,1,1,1,NaN,1,1,1,NaN,1,1,1,1,1,1,1,1.56095911611458,1,1,1,1,1,1,1,1,1,1,1,1,1,2.10649406367393,1,NaN,1.20352093875165,NaN,1,1,1
1.40998358498015,1.30521950504781,1.36409047338042,1.26712112606333,1.38506937216874,1.34389226171064,1.45892727793967,1.27501112279344,1.44163029433015,1.57890398434222,1.51349098313504,1.71094346134244,1.58586063401666,1.48138414171031,3.01526043190134,1.93776264954523,1.74337481829079,1.66729882248827,1.89980792670576,2.17490385673509,1.36274863286794,1.44144928993674,1,1,1.733661159108,1.58115089320412,1,1.98875484701463,1.43308913139061,NaN,NaN,1.88031988369869,1.87484118161271,1,1,1.36391729261119,1,1,1,1.16329572083702,NaN,1.34442082609889,1,1.72365571203608,1.22785872880073,1.85887169051965,1,1,1,1,1,NaN,1,1.14270268983241,NaN,1,NaN,NaN,NaN,1,1,1,1,1,1,1,1,1,1,1.25992104989489,1,1,1.53081501130458,NaN,1,1,1,1,1,1,1,1,NaN,1,1,NaN,NaN,1,NaN,NaN,1,1,1,1,1,1,1,1,1,1,1,1,1,1,1,1,1,1,1,1,1,1,1,1,1,1,1,1,NaN,1,1,NaN,NaN
1.91052387388518,1.70815072030435,1.87253616504203,3.05663501938277,2.26916352893354,1.86805727592142,1.82196637329782,1.7005989206573,1.82570739206811,1.72590404903905,1.35653906592046,1.19651079506536,1.90303838785655,1.63347345833615,1.63747335217478,1.50320981664304,1,1,1.84649966476209,1.52090072941984,1.46097756792846,1.51501755322532,1,1.62949001710547,1.849034238915,1.85015608498588,NaN,1.76623066174551,1.27566550512469,1,1.27770376826485,1.74576185696225,1.34108422980894,1.55557696802277,1.78451206454085,1.2816590125455,2.45236471810139,1.52599345937582,1.61408689148857,1,1,1.24042690186973,NaN,1.25846271956343,1,1,1.36340444862104,1,1,1,1,1.23160288631568,1.85798115191381,1.78085044646732,1.33691869118681,1.51753242022383,1.27077213339292,1.37771710691181,1.24801984150917,1,1.24507078588052,1.25302849349792,1,1,1,1,1,1,1,1,1.41552508204532,1,1.15925722347831,1,1,1,1,1,1,1,1,1,1,1,1,1,1,1,1,1.19558201208799,1,1,NaN,NaN,1,1,1,1,1,1.18920711500273,1,1,1,1,1,1,1.29322443081909,1,1,1,1,1,1,1,1,1,1,NaN,NaN,1.27770376826485,1,1,1.508635119473
1.24368972056672,NaN,1.27770376826485,1.42961181578619,1,NaN,1,1,1,1,1.36340444862104,1.19598466369886,1,1,1.27770376826485,NaN,NaN,NaN,1,1,1,1,1.29999022615041,1.79579421117497,1.5342740288752,1.1940384752206,1,1.19936041644314,1,1,1.88708453726774,NaN,NaN,1,1,1,1,1,1,1,1,1,1,1,NaN,1,1.98947615309728,1,1.5723060916734,1.54823453620457,1,1.3832126796139,NaN,1.15549772075248,1,NaN,1,1,1.31032349416567,1.6921230736719,1,1,1,1,1.24398612495523,1,1,1,1,1,1,1,1,1,1,1,1,1,1,1,1,1,1,1,NaN,1,1,1,1,1,1,1,1,1,1,1,1,1,1,1,1,1,1,1,1,1,1,1,1,1,NaN,1,1,1,1,1,1,1,1,1,1,1,1
1.34754026045612,1.32235807243126,1.68348093046266,2.12262907854665,1.53804987898867,1.326873422207,1.61838535450003,1.5649872713265,1.39994707473831,1.45668128169877,1.69351942281906,1.62693335687058,1.37319762120441,1.78624257494809,1.53959723642029,1.36340444862104,1,1,1.75828394807203,1.39196161882492,1,1.53212298755662,1.79482543400833,1.38621200398981,1.46261771974298,1.63685304518947,1.49371928139708,1.98656599419914,1.52394403224566,1,1.70773743163657,1.41421356237313,2.48419303078681,2.04438664969896,1.63349153394513,1,1,1,1,1,1,1,1,1,1,1.42891529821275,1.4331918291259,1,1,1.94203226633399,1.24507078588052,1.44752701517266,1.32707351273169,1.79358372759281,1,1.78650378717712,NaN,NaN,1.67635583410685,1.45141646650023,1,1,1.30817304034487,1,1,1,1,1,1,NaN,1,1,1,1,1,1,1,1,1,1,1,1,NaN,1,1,1,1,1,1,NaN,1,1,1,1,1,1,1,1,1,1,1,1,1,1,1,1,1,1,1,1,1,1,1,1,1,1,1,NaN,1,1,1,1,1
2.38404067419596,2.9970878077767,3.77971466026192,5.44724839370605,2.22738013290085,2.20944441947656,2.30509835141991,2.12134514460874,2.15336627816292,2.24103750141369,2.29095157741768,7.19067351051264,1.76510543048628,1.87127479131205,10.0754850567913,3.578073984399,2.16767636725928,2.10998368781904,1.93376381652119,2.18887764691272,1.35760949302015,1.96304115891827,1.55186608862088,1.49829519559668,1.64215698316749,1.61080249237675,1.73033609232477,1.78773047541989,2.13044723218021,1.52762254868463,1.74707493578815,1.6964312692072,2.02379660208056,2.10698005455945,1.98187945499429,1.36145745321767,1,1.45480794796759,1.625128919159,1.79075544755097,1.44619204564515,2.43303955874862,1.97634294269448,1.99412040670395,1.98981358553489,1.51302109977995,1.36760695705185,2.26722653943652,1.91188724262486,1.93257474205065,1.4947077814405,2.02434514511729,1.59832599770256,2.1089105302947,1.37284686760863,3.69485096143789,1.29583160521926,1.71769470916942,1.999051322838,1.97527971063141,1.48549227926564,1.54667098879618,1.61630695987401,1.6294541392904,1.43292597845128,1.53186313195948,1.58692740776829,1.43037931580289,1.9193911309548,1.63749669124194,1,1,2.17855791304029,1.41421356237313,1,1,1,NaN,1,1,1,1,NaN,1,4.86893445575164,1,1,1,1,1,1,1,1,NaN,NaN,1,1,1,1,2.32927070190546,1.41421356237313,1.81659783079567,1,1,1,1,1.64343609328773,1.15925722347831,1,1.15198676760269,1.52427606541198,1,1,1,NaN,1.23243481660586,1,1,1.46205120481756,1.53783171397796,1.4778842111651,1,1.37831921392991
2.02791329075596,1.7622566088223,1.9688307519674,1.92711319591761,2.49650119530331,1.98903692811429,2.07113459720719,1.77932691648904,1.97254082316493,1.98992368216824,2.01958132009368,2.00130240067095,1.53145401436414,1.69203140360392,4.73250993485951,1.50675389158767,1.78832711872263,1.76939241543312,1.76880531637428,1.92071192373204,1.35074412924108,1.83045055001756,1.26507831939229,1.58576771334081,1.51857902278378,1.59693393482886,1.71489700082035,1.42978350769945,2.04431807082491,1.38626063759117,1.42901108871522,1.88900570520825,2.11631865386791,1.43684697601967,1.57787415457476,1.39628466517137,1,1.42656570672223,2.13303194594302,1.27621002792761,1,1.4429914024109,1.23743671143966,1.82133671968634,1.8512431489669,1.63285403368866,1.77860343715775,1.18920711500273,1.33933637944851,1.2114414927423,1.35949185955021,1.7805826947914,3.31745653709145,1.60036467238786,1.69828245327334,1.95906183353457,1.15549772075248,1,1.42818439015334,1.81462215849798,1,1.2505844979344,1.19226764302042,1.2114414927423,1,1,1,1,1,3.24762238011067,1,1,1.32617763779122,1,1,1,1,1,NaN,1,NaN,1,NaN,1,3.55575778612851,1,1,1,1.6325269194382,1,1,1,1,1,1,1,1,1,1,1,1,1,1,1,1,NaN,1.12069910844067,1,1,1,1,1,1,1,NaN,2.45208518939585,1,1,3.17366330956273,1,1.20726843043897,1,1
1.19598466369886,1,1.23781310873768,1.23781310873768,1.37831921392991,1,1,1,1.24855234563197,1.25846271956343,1.1676491119429,1,NaN,1.41807670564579,1.51908146009184,1.50580415302448,2.0210661573865,1.63824345295341,1.27770376826485,1.23182097891286,1,1,NaN,1.43239223760541,1.77463300047969,1.72058813954805,1.3111779340227,1.59542436451905,1.55237218901353,1.47835687712638,NaN,1.37831921392991,NaN,1.27770376826485,1.41421356237313,NaN,1,1,NaN,1,1,1.36340444862104,1.29950706113674,1.35803483709616,1.34859345145035,1.92519973945237,1,1,1,1,1,1,1,1,1,1,1,1,1,1,1,NaN,1,NaN,1,1,1,1,NaN,1,1,1,1,1,1,1,1,1,1,1,1,1,1,1,1,1,1,1,1,1,1,1,1,1,1,1,1,1,1,1,1,1,1,1,1,1,NaN,1,1,1,1,1,1,1,1,1,1,1,1,1,1,1,1
3.73851017822226,1.56004405993204,1.96915611970458,1.77601159112975,1.81266222240499,1.94795643070943,2.00702242997967,1.76873001228922,1.95993495757319,1.90656118810597,2.10243283046862,1.78228301831059,1.72550592709774,1.35734295956023,1.92824963448863,1.51659746516932,1.14869835499704,1,1.64261075339338,1.89822677444652,2.00379740061467,1.71766626929998,1.26957904539943,1.91410989172791,1.67282199756065,1.3811735896679,1.54532698812689,1.57709784422535,1.43792009487753,1.67143361085741,1.17731804503027,1.44233450724381,1.7788813076285,1.78677569441758,1.69676554873211,1.25884929765932,1,1,1.1427026898324,1,1,1.20352093875165,1,1.22624303596659,1,1.35414925738377,1.6208278165514,1,1.37940331204238,1.18920711500273,1.17731804503027,1.68915725123444,1.23552874566569,1.92083887268388,1,1.69576550988294,1,1.15925722347831,1.33897378369734,1.76112410819403,1,1.21615730811997,1,1.14869835499704,NaN,NaN,1,1,1,2.0055880080598,1,1,1.25337019681132,1,1,1,1,NaN,1,1,NaN,1,1,NaN,3.1206598248343,NaN,1,1,1,1,1,1,NaN,1,1,1,1,1,1,1,1,1,1,1,1,1,1,1,1,1,1,1,1,1,1.49210624836104,2.04325700122109,1,1,1,1,1,1,NaN
1.58063699508001,1.39687616488456,1.59793724683074,1.52205902811728,1.4635645596189,1.64650510754043,1.70738040121509,1.34119564938817,1.60932847495668,1.76926200327621,1.71663545273666,1.31382724705809,1.3705305378675,1.52634593414905,1.49468539995759,1.33784861401876,1.36061216951771,1.21196673213245,1.99453383324703,1.65234225666481,1.4092333569606,1.19226764302042,1,1.52018828753975,2.06805578536032,2.08275609376192,1.55785559626634,1.44801922404704,1.42476616519686,1.65867442527971,1,1.51286737577698,1.42685728546747,1.33130586787808,1,1,1,1,1,1,1,1.49210624836104,1,1.20352093875165,NaN,1.20352093875165,1.22086378269536,1,1.23243481660586,1,1,1.20051352317105,1,1.39275059362445,NaN,1,1,1,1,NaN,1,1,NaN,1,1,1,1,1,1,1,1,1,1,1,1,1,1,1,1,1,NaN,1,1,1,1,1,1,1,NaN,NaN,1,1,1,1,1,1,1,1,1,NaN,1,1,1,1,1,1,1,NaN,1,NaN,NaN,1,1,1,1,1,1,1,1,1,1.76582045938789,NaN,1
1.16752696053054,1,1.38610443415338,1.19572092783327,1.30048433536482,1.26975824856689,1.38817896340444,1.25337019681132,1.28834391973783,1.30735030849295,1,1,1,2.09539872070014,2.04398866511649,1.46236747756026,1.48681223030645,1.73050834204563,1.39825901051921,1.28885796161107,NaN,1,1,1,1.49861537513406,1.47861243634461,1.46956751629311,1.62604368808136,1.6231217387251,1.37971203904014,1,NaN,1,1,1,1,NaN,1,NaN,1,1,1,NaN,1.27296645197188,1.221518009839,1.28499295043386,1,1,1,1,1,1,NaN,1.32364836948299,1,1,1,1,1,1,1,1,1,1,1,1,1,1,1,1,1,1,1,1,1,1,1,1,1,1,1,1,1,1,1,1,1,1,1,1,1,1,1,1,1,1,1,1,1,1,1,1,1,1,1,1,1,1,1,1,1,1,1,1,1,1,1,1,1,1,1,1,1
1,NaN,1,1.76112410819403,1,1,1,1,1,1,1,1.41421356237313,1,1.36193887833414,1.35621838312053,NaN,NaN,1,1.18307015360506,1,1,1.32707351273169,1.99231393851346,1.7905392014949,1.75483389469378,1.49977615051596,1,1.19383925195527,1.25992104989489,1,1.52534107025392,1,1.5039845267641,1.89780786485587,1.26713042293276,1,1,1,NaN,1,1,1,1,1,1,1,1.13995923661188,NaN,NaN,1.96028492561524,1.80408707630462,1.59923866650928,1.32707351273169,1.59074719522718,1,1.8996837284546,1,1.49210624836104,1.67917746283004,2.15083504947449,1.34859345145035,1.53810971683432,1.46845753299033,1.31123566543684,1,1,1.26713042293276,1,1,NaN,1,1,1,1,1,1,1,1,1,1,NaN,1,1,1,1,NaN,1,1,1,1,1,1,1,1,1,1,1,1,1,1,1,1,1,1,1,1,1.38767651124391,1,1,1,1,1,1,1,NaN,1,1,1,1,1,NaN,1,1
1.34569511348565,1.17731804503027,1.40778281557731,1.28692286609165,1.20708258328507,1.22585201370159,1.44704037510608,1.17222006315492,1.24321699004788,1.41000881394228,1,1.76597458832402,1,1.54460303517474,1.6017101850391,1.65115262252731,1,1,1.38200059225699,1.13257398902511,1.83449777985234,1.654910428143,NaN,1.32798196872786,1.64846962667329,1.94144286928777,1.21196673213245,1.47228408433286,1.52095957055688,NaN,1.41421356237313,1.29824704458695,1.32955443442555,1.44029300401099,1.37733010307869,1.34887692589117,1,1,1.28559921851224,NaN,1,NaN,1,1,1,1,1.31307800514748,1,1,NaN,1.25992104989489,1,1.67765767804691,1.5377453538494,1.29950706113674,1.27770376826485,1,1,1,1,NaN,1,1,1,1,1,1,1,1,1,1,1,NaN,1,1,1,1,1,1,1,1,1,1,1,1,1,1,1,1,1,1,1,1,1,1,1,1,1,1,NaN,1,1,1,1,1,1,1,1,1,1.6325269194382,1,1,1,1,1,1,1,1,1,1,1,1,1
1.95719828550965,1.67570779588447,1.84807318785609,1.75412552958824,1.81297878644748,1.78357853839899,1.91885833171644,1.67609151985231,1.86176154451959,1.75072375128222,1.29420203600368,1.38809717348254,1.34339833899937,1.55474506120557,1.49993560678283,1.63075525377229,1,1,1.56746772039447,1.31691875450616,1.88966436133326,1.38134827282557,1,2.20832760235834,1.9984095846062,2.21756979840765,1,1.86101439062122,1.29669435257883,1,1.43708795610486,1.31270999266793,1.48962758217874,1.76120980574681,1.41767896396241,1.37945745744957,1.243839289547,1.62700374132666,1.50404812883679,1,1,1,1,1.221518009839,1,1,1,1,NaN,1,1.31332124314764,1.37753189826904,1.4074232869615,1.39887531050057,1.62793027451298,1.67809198946895,1.38737190432887,1.45796618545968,1.48814036553301,1,1,1.439674899346,1.37417754618232,1.27281942556381,1,1,1.31636764549263,1,1,1,1,1,1.15549772075248,1,1,NaN,1,1.25125933593443,1,NaN,1,NaN,1.20352093875165,1,1,1.18586081363847,1.15363318548301,1,1.32364836948299,1.30096118212141,1,NaN,1,NaN,1,1.18288173717406,1,NaN,1,1.25510296916371,1.21196673213245,1,1,1,1,1,1.42347733513573,1.19598466369886,1,1.14869835499704,1.13257398902511,1,1,1,1,1,1,1,NaN,NaN,1,1,1.21196673213245
1.22678625887672,1,1.34955751785492,1.23965102756588,1.13736501890239,1.16982626492108,1.34898634640672,1,1.30703604039015,1.23330676427226,1.20309184468137,1.63381692623037,1.36340444862104,1.49457892032933,1.49082592289985,1,NaN,NaN,1.44842149112578,1.26152190421219,1,1.59450815992796,1,2.01632507258392,1.98459138367007,1.45768152018638,1,1.69472742980502,1.19792730632906,NaN,1.88276128772188,1.40410812552017,1.77575777999172,1.32371356787744,1.45100398718968,1.20352093875165,1,1.16982626492108,1.22595208904798,1,1,1.33944655845854,1.25992104989489,1,1,1,1,1,1,1,1.5558033682702,1.49543823585833,2.00651293414786,1.66707459400352,1.13995923661188,1.85619588078591,1,1.13035559372476,1.42128512605735,1,1,1.20051352317105,1.13490708273967,1,NaN,1,1,1,1,1,1,1,1.30971188002043,1,1,1,1,1,1,1,1,1,1,1,1,1,1,1,1,1.27770376826485,1,NaN,1,1,NaN,NaN,NaN,1,1,1,1,1,1,1,1,1,1,1,1,1,1,1,1,NaN,1,1,1,1,NaN,NaN,1,1,1
1.34736538026475,1.19331233961398,1.4082823976068,1.22905822439359,1.24374988105902,1.2564656165917,1.3941079882464,1.26069447201297,1.42341066732586,1.45605812558758,1.28621919024892,1.94737080128337,1,1.13859631462757,1.86065889831497,1,1,1,1.20109521960919,1,1,1.82928310168035,1,2.09399377234959,1.83932793676424,1.61618181184075,1,1.68635252435901,1.18307015360506,NaN,1.61424581656357,1.37424263078604,1.38299537320986,1.49535659653691,1.28830401157284,1.27698166490023,1,1.13736501890239,1.72604371388665,1,1,1,1,NaN,1,1,1,NaN,1,1,1.22103458604073,1.69978048054056,1.34031285369543,1.86906091098701,1.30248389637492,1.39911744763808,1,1,1.19572092783327,1,1,1,1,1,1,NaN,1,NaN,1,1,NaN,1,NaN,1,1,1,1,1,1,1,1,1,NaN,NaN,1,NaN,1,1,1,1,1,1,1,1,NaN,1,1,1,1,1,1,1,1,1,1,1,1.14561011444293,1,1,1,1,1,1,1,1,NaN,1,1,1,1,1,1,NaN
1.9470203691753,1.42828583911512,1.51243779837418,1.69933637698644,1.49917598639446,1.47998620270052,1.63974180172549,1.30974637128732,1.47349946625281,1.57288402468951,1,1.66660658860936,1,1,1.48836388891339,1,NaN,1,1.24674588173381,1,1.33560505388855,1.27617798852253,NaN,1,1.41368843013577,1.42097078019156,1,1.25884929765932,1,1,NaN,1.29316442549023,1.37679601115805,1,1.38464107478267,1.43943027099289,1.38476148288792,1.65809368804476,1.70242228671035,1,1,1,1,1,1,NaN,1,1,1,1,NaN,1,1.42633536599366,1.45745201284969,1.47464620441419,1,1,1,NaN,1,1,NaN,NaN,NaN,1,1,1,1,1,1,1,1,1,1,1,1,1,1,1,1,1,1,NaN,NaN,1,1,NaN,1,1,1,1,1,1,1,1,NaN,1,1,1,1,1,1,1,1,1,1,1,1,NaN,NaN,NaN,1,1,1,NaN,1,1,1,1,1,1,1,NaN
1,1,1,1.16752696053054,1.29950706113674,1.20320315601821,1.20919550041414,1,1.27566550512469,1,1,1.73502359567162,NaN,1,1,1,1,1,1,1,1,2.59749104063718,1,1,1.41421356237313,1,1,1,1,NaN,1,1,1.21615730811997,NaN,1,1.38646856527708,1.27952313842102,1.81504399189561,1.97110744017088,1,1,1,1,1,1,1,1,1,1,1,NaN,1,1,1.43674739378336,1,1,1,1,1,1,1,1,1,1,1,1,NaN,1,1,1,1,1,NaN,1,1,1,1,1,1,1,1,1,1,1,1,1,1,1,1,1,1,1,1,1,1,1,1.221518009839,1,1,1,1,1,1,1,1,1,1,1,1,1,1,1,1,1,1,1,1,1,1,1,1,1,1
1.22332129343786,1.28621919024892,1.18681268186307,1.21430130680506,1.25846271956343,1.25577121745002,1.24213120589158,1.33786722509929,1.25036840211777,1.24101955788683,1,1.49492484937719,1,1.20352093875165,1,1,1,1,1.18003739071727,1.221518009839,1,1.40530643080366,1,1.32707351273169,1.40752459921209,1.38769972415101,1,1.23781310873768,1,1,NaN,1,1.5229267758076,1,1.12246204830938,1.68050176081723,1.81449640452462,1.17727343369472,1.2960427241493,1,1,1,1,1,NaN,1,NaN,1,1,1,1,1.31758371109621,1.57651791246972,1.54421924456503,1.8540206663327,1.50383300488512,1.4492828898065,1.19562886406029,1,1,1,1,1,1,1,1,1,1,1,1,1,1,1,1,1,1,1,1,1,1,1,1,1,1,1,1,1,NaN,1,1,1,NaN,1,1,1,1,1.3373041844179,NaN,1,1,1,1,1,1,1,1,1,1,1,1,1,1,1,1,1,1,1,1,NaN,1,1,1,1
1.25121752575612,1.22785872880073,1.29646118819135,1.13859631462757,1.24057739961881,1.26617793505278,1.38418924132456,1.26801339640261,1.30504118544682,1.36116343175207,1,1.71465030566384,1,1.19598466369886,1.24507078588052,1,NaN,1,1.1427026898324,1,1,1.49055739746798,NaN,1,1.54366279124062,2.1794044586219,1,1.15925722347831,1,1,NaN,1.37567367246121,1.5234347025694,1.33523332005278,1.71194424632275,1.68607224417384,1.94024921094203,1.30106290945948,1.6101785270441,1,1,NaN,1,1,1,NaN,1,1,NaN,1,1.34955704949581,1.27768427047575,2.27971416664455,1.4988372962722,1.31215204509006,1.43592172978816,1.93518755823157,1,1.24427188967351,1,1,1,1,1,1,1,1,NaN,1,1,1,1,NaN,1,1,1,1,NaN,1,1,1,1,NaN,1,1,1,1,1,1,1,1,1,1,1,1,NaN,1,1,1,1,NaN,1,1,1,1,1,1,1,1,NaN,NaN,1,1,1,1,1,1,1,1,1,1,1,NaN
1.3882622820883,1.18890827801243,1.26658452490203,1.26622206358701,1.32959726222628,1.32227341202287,1.41185914114848,1.19331233961398,1.38210975062768,1.47164429273909,1.31544866754372,1.19107353821032,1.32707351273169,1,1.83295458554056,1.62360438085753,1.19598466369886,1,1.5117191295108,1.46618877927722,1.26713042293276,1,1,1,1.56800883779328,1.29731948389833,1,1.23243481660586,1,NaN,1,NaN,1,NaN,1,1,1,1,NaN,1.55308370544401,1.62207154433207,1.28515836996087,1.5617274387655,1.79555425439458,1.79254386942475,1.58110976102759,1.63318660901699,1.20179767711927,1,1,1,1,NaN,1,1,1,1,1.17337884917574,1,1,1,1,NaN,NaN,1,1,1,1.28234960816973,1,1.59357771894813,1.16752696053054,1,1.27308933397586,1.21923253989492,1,1,1,1,1,1,1,1,1,1,1,1,1,1,1,1,1,1,1,1,1,1,1,1,1,NaN,1,1,1,1,1,1,1,1,1,1,1,1,1,1,1,1,1,1,1,1,1,1,NaN
1.27566550512469,1,1,1,1.34707912109824,1.221518009839,1.23743671143966,1.16329572083702,1.25992104989489,1.31129481504899,1.24507078588052,1,NaN,1,1.42877265990271,1.25443261086518,1,1,1,1.26957904539943,1,1,NaN,NaN,1.39062421851452,1,1,1,NaN,1,NaN,1,1,NaN,1,1,1,1,1,1.6186842653221,1.33496682862547,1.61437724004809,1.44405358495978,1.39896776377304,1.37207972776589,1.39305543851528,2.30413540922742,2.32768068198947,1,NaN,1,1,1,1,1,NaN,1,1,1,1,1,1,NaN,1,1,1,1,1.82788555873701,1,1.32460897169128,NaN,1,1.60279343593212,1,1,1,1,1,1,1,1,1,1,1,1,1,1,1,1,1,1,1,1,1,1,1,1,1,1,1,1,1,1,1,1,1,1,1,1,1,1,1,1,1,1,1,1,1,1,1,1,1,1
1.73222336594484,2.55333263005253,1.7061664279938,1.75714237275727,1.5430843293221,1.62097354348204,1.71038263323808,1.47566303995398,2.15614684547494,1.76510439142135,1.61971496326055,1.33598339543468,1,1.2428454241152,1.80793229677235,1.88430467749801,1.29553113154346,1.3248598246344,1.79091795837417,1.83445441727201,1.22086378269536,1.1676491119429,1,1,2.4339250702269,1.41332547857756,1.36340444862104,1.18920711500273,1,1,1,1.41421356237313,1,1.28621919024892,NaN,1,1,1,NaN,1.28404047887042,1.52135555812788,1.48437066125435,1.41687567150392,1.39494292769513,1.40101618569094,2.02388763185065,2.02287042889801,1.5946463449081,1.4825589656888,1,1,1.24507078588052,NaN,1.33802234484019,1,1.73205080756955,1,1.4945417662641,1.36340444862104,1,NaN,NaN,NaN,1,1,1,1,1.31204681941057,1,1.85504602696637,1.60583888623269,1,1.39207173222277,1.18003739071727,1,1,1,1,1,1,1,1,1,NaN,1.73205080756955,1,1,1,1,1,1,1,1,1,1,1,1,1,1,1,1,NaN,1,1,1,1,1,1,1,1,1,1,1,1,1,NaN,1,1,1.26713042293276,1,1,1,2.64575131106381
1.20726843043897,1.97572987742074,1.27296645197188,1.38797575419073,1.24427188967351,1.16752696053054,1.21592704705007,1.32126374161902,1.12824286575844,1.15725520778432,1.22624303596659,1.18920711500273,NaN,1,1.6225756448398,1.28452599228958,1,1.26713042293276,1.29571107751063,1.17731804503027,1,1,1,1,1.98569189254831,1.20726843043897,1.85887169051965,NaN,1,NaN,1,1,NaN,1,1,1,1,NaN,NaN,1.5881577221535,1.43545297320245,1.4270247212063,1.49189736520093,1.61705416954975,1.82204866566049,1.52589706677679,1.96664011438025,1.92893481058888,1.41339309324534,1.1676491119429,NaN,1,1,1.31636335422556,1,1,1,1,1,NaN,NaN,NaN,NaN,1,1,1,1,1.25992104989489,NaN,1.62724936036989,1,1,1.71055367633176,1,1,1,1,1,1,1,1,1,1,1,1,1,1,1,1,1,1,1,1,1,1,1,1,1,1,1,1,1,1,1,1,1,1,1,1,1,NaN,1,1,1,1,1,1,NaN,1,1,1.20352093875165,NaN,NaN
1.69641438656558,1.51431513452009,1.66583506198635,1.64625678351359,1.64768613150021,1.70552744535229,1.90482173409352,1.55491898605147,1.89243232567825,1.87899169176138,1.84877146825813,1.5220270235337,1.14869835499704,1.47891643201982,1.47475902742799,1.28625984824573,1.73554244322451,1.39903519944718,1.7694833555287,1.82508063366638,1.46028091139856,1.34155515575932,1,1,1.98767307520083,1.88232368822906,1.5613767776248,1.25846271956343,1,1,1,1,1,1.36340444862104,1,1,1,1,NaN,1.72232907964727,1.3969294707392,1.35357369753417,1.73121860988835,1.21634360864901,1.25593967620362,1.99258057939093,1.50115539528241,1.36334250546787,1.50919722864441,1,1,1.41421356237313,NaN,1,1,2.99999999999888,1,1.52696133016688,1.41421356237313,NaN,1,1,1,1,1,1,1,1.35720908101702,2.18600576984157,1.88070241789145,1.35150337191371,1.25577121745002,1.55124311785012,1.35108992213144,1,1,1,1,1,1,1,1,1,1,1,1,1,1,1,1,1,1,1,1,1,NaN,1,1,1,NaN,1,NaN,1,1,1,1,1,1,1,1,NaN,1,1,1,NaN,NaN,1,1,1.93518073913788,1,1.41421356237313,1,NaN
1.38093490651384,2.02282905256459,1.38661551312334,1.48244040557871,1.33807558758629,1.40068012925243,1.51463081912759,1.45604256102009,1.3555352722779,1.52488137009925,1.4401054130898,1.29990484570346,NaN,1.18003739071727,1.83143118685327,1.77769005222158,2.27263563679322,1.47270724111882,1.62913732414813,1.60582014826139,1.16329572083702,1,1.49210624836104,1.20352093875165,1.98929620855317,1.84049737263544,1.29197041807007,1,1,1.221518009839,1,1,1,1,1,NaN,1,1,NaN,1.88729572317908,1.25666282008077,1.29387366076341,1.74871519709882,1.26451605290106,1.53090057849069,1.47023655851312,1.37095272518743,1.1101508080463,1,1,1,1,NaN,1.19226764302042,1,NaN,1,1.71615555034809,1,1,NaN,1,1,1,1,1,1,1.21615730811997,1.41421356237313,1.51038422757959,1.20726843043897,1.20352093875165,1.77369352643668,1.1676491119429,1,1,1,1,1,1,NaN,1,1,1,1,1,1,1,1,1,1,1,1,1,1,1,1,1,1,1,1,NaN,1,1,1,1,1,1,1,1,1,1,1,1,1,1,1,1,1,1,1,1,1
1.59266560937676,1.5538140677402,1.94770557859332,6.98809160579773,1.65813791459914,1.5665358913327,1.64684877509267,1.63585259018764,1.64330247868745,1.67134483954427,1.86910084036163,1.44523326496708,1,1.25831175477967,2.92958577297733,2.02654537678117,2.09693166459906,1.56585638899162,1.83514607522726,1.93118643075727,1.88567170688146,1,1.25125933593443,1.21831308208224,1.49332800386567,1.6179655473027,1.94034082750153,1.37293627275417,1.35621838312053,1.35432399225766,1,1,1,1.16329572083702,NaN,1,1,1,NaN,1.59895139212455,1.43922211123417,1.97882310121527,1.45081664622467,1.91856266108186,1.43938960711658,1.5830916787752,1.94076520622558,1.87757944794718,1,1,1,1.33944655845854,NaN,1.34972765823426,NaN,2.53439393227022,1,1.4314093914566,1,1,1,1,1,NaN,1,1,NaN,1,1.32707351273169,1.42627508232573,1,NaN,1.83057467592716,1,1,1,1,1,1,1,1,1,1,1,1.46177630938359,1,1,1,1,1,1,1,1,1,1,1,1,1,1,5.13637621778616,1,1,1,1,1,1,1,1,1,1,1,1,1,1,1,NaN,1,1,3.09063086218349,1,1,1,1
2.42848078278258,1.18898543158006,1.19278854634296,1.3551052684727,1.1440768065227,1.33983097855074,1.4813245528384,1.27088474131768,1.31535485824797,1.35293601405122,1.28992753669497,1,1,1.45563003036811,1.6074388566293,1.15725520778432,1,1.41421356237313,1.43973423949416,1.27768427047575,1,1,1.97935557061373,1.33056035652188,1.45514139048555,1.8457492668213,1,1.70271061076384,1.12824286575844,1,1.18307015360506,1.32168090571772,1,1.16329572083702,1,1,1,1,1,1.6585140825818,2.34820020571162,2.03453652146156,1.93321948012799,1.52167365926238,1.32484798202311,2.05199813236834,1.27606135450455,1.57178626577293,1.69427297059944,2.57203296630444,1.49210624836104,1.33190160391856,NaN,1.45741816360271,1,1,NaN,1.22209660399518,1.32032126915792,1.3423903405093,NaN,NaN,1,NaN,1,1.24507078588052,1,1.54745415374352,2.03172237195668,1.29136965582583,1.24922922045666,1.67817578585725,1.58247371673997,1.46591777706051,1,1,1,1,1,1,1,1,1,1,1,1,NaN,1,1,1,1,1,1,1,1,1,1,1,1,1,1,1,1,1,1,1,NaN,1,1,1,1,1,1,1,1.47567076092921,1,1,NaN,1.56802036268455,1.177479759345,1.69697062300674,1.39911744763808,1.31915990484355
1.43515427109542,1,1,1,1,1.29950706113674,1,1,1.23243481660586,1.24507078588052,1,1,1,1,1.30817304034487,1,NaN,1,1.37002390862912,1,1,1,1,NaN,2.1793232136151,1,1,1,NaN,1,1,1,1,NaN,1,1,1,1,1,1.2505844979344,2.35553819845951,1.581007583471,1.90763671350778,1.40720923567576,1.1243029658928,1.45091418095882,1.53997669701408,1.31873097034155,1.28667997278792,1.62063304843642,1,1,1,1.39780596250653,1,1,1,1.19226764302042,1,NaN,NaN,1,1,1,1,1,1,1.61090116039725,1,1.27080784706965,1.97995851935906,1,1.17471491864596,1.84163338303843,1,1,1,1,1,1,1,1,1,1,1,1,1,1,1,1,1,1,1,1,1,1,1,1,1,1,1,1,1,1,1,1,1.23182097891286,1,NaN,1,1,NaN,1,1,1.20051352317105,1.28547176070584,1,2.35428234276148,1.28621919024892,1,1.11149277487708,1,1.6325269194382
1.92343125624285,1.25992104989489,1.12824286575844,1,1.26213746791716,1.28924718879149,1.27824891519489,1.21196673213245,1,1,1,1.221518009839,NaN,1.28331432827336,1.69128414539263,1,1,NaN,1.20919550041414,1,1,1,1,1.33241115327187,1.91810355941373,1.36540098565465,1,1.19226764302042,1,1,1,1,NaN,1,NaN,1,1,1,1,1,1,1.41321658251846,1.50183412652805,1.16329572083702,1,1,1.61825230526736,1.28905453486513,1.27312520671103,1.6925139401109,1,1,1,1.25846271956343,1,NaN,1,1,1,NaN,1,NaN,NaN,1,1,NaN,1,1,1.39035565052647,1,1.51641667659162,1.36613466897708,1.14869835499704,1.34101790727532,1,1,1,1,1,1,1,1,1,1,1,1,1,1,1,1,1,1,1,1,1,1,1,1,1,1,1,1,1,1,1,1,1,1,1,1,1,1,1,1,1,1,1,1,1.51191762795385,1.19598466369886,1.72106355822024,1,1.29731948389833
1.87017542344224,1,1,2.35971582151162,1,1,1,1,NaN,1,1,1.50357185172584,1,1,1,1,1,1,1,1,1,1,1.63860743961905,1.97398162426757,2.05895740762482,1.21361447144992,NaN,1.18920711500273,1.35750597861774,1,1.99774540824908,NaN,1,1,1,1,1,NaN,1,1,1,1.25125933593443,1,1,1,1,2.42224885002211,1.60944279633622,1.72615757446894,1.60384248356494,1,1,1,1.32364836948299,1,1,1,1,1.42898645354773,1.57007212094878,1,1,1,1,2.15834566277469,1.85093071141626,NaN,NaN,1,1,1,1,1,1,1,1,1,1,1,1,1,1,1,1,1,1,1,1,1,1,1,1,1,1,1,1,1,1,1,1,1,1,1,1,1,1,1,1,1,1.38424269626921,1,1,1,1,1,1,1,1,1.25049638239771,1.32707351273169,1.69124585001177,1,1
1,1,1,1,1,1,1,1,1.177479759345,1,1,1.23905664161284,NaN,1.13490708273967,1.25992104989489,NaN,1,1,1.18898543158006,1,1,1.26643857115457,NaN,1,1.34036130385265,1.45101923235506,1,1,1,1,1.86219533265484,1,1.2545325072189,1.54321688213106,1.14270268983241,1,1,1,1.22595208904798,1,1,1,1,1,1,1,1,1,1,1,1.27263562096723,1.36174364772525,1.86018661998415,1.2860769364608,1.59760006081962,1.4961128744598,1.24723008127338,1,1.66030128547558,NaN,1.13859631462757,1.62695517676742,1.41503197543504,1.23010746911193,1,1,1.41326714441397,1,1,1,1,1,1,1,1,1,1,1,1,1,1,1,1,1.28621919024892,1,NaN,1,1,1,1,1,1,1,1,1,1,1,1,1,NaN,1,1,1,1,1,1,1.26340584269796,1,1,1.23243481660586,1.16329572083702,1,1,1,1,1,1,1,1,1,1,1,1
1.28234960816973,1.20726843043897,1.33561381201231,1.28127117868744,1.23965102756588,1.26460640219501,1.31229784532796,1.30448693446639,1.20051352317105,1.35353866976569,1.27080784706965,1.26036804763438,1,1.55294004704184,1.73464691669343,1,1,1,1.5131878133702,1.22696817488942,1,1.20309184468137,1.18586081363847,1.49232319369486,1.96111809638159,1.74628094375472,1,1.66437847247272,1.28789694211489,1,1.58138299306305,1.26385588248547,1.36954529269158,1.51258426594455,1.72520900855102,1,1,1.22428301721916,1.23142317038508,1,1,1,1,1.32707351273169,1,1.21196673213245,1.25390840340905,1,1,1,1.36303444407569,1.5816245351993,1.5224284653951,1.31088258730466,1.20919550041414,1.8534015904512,1,1.16329572083702,1.38133682054515,1.27238950482419,1.26713042293276,1.61740968151681,1.22086378269536,1.28417176798903,1,1,1.19226764302042,1,1,1,1,1,1.221518009839,1,1,1,1,1,1,1,1,1,NaN,1,1,1,1,1,1,1,NaN,1,1,1,1,1,1,1,1,1,1,1,1,1,1,1,1.23552874566569,1,1,1,1.20352093875165,1,1,NaN,1,1,1,1,1,1,1,1,1
1.62683035202116,1.39457188383356,1.568331141341,1.57713742430602,1.48385132917854,1.53135276780648,1.79984874554183,1.43928955106813,1.67190587997524,1.76702121403559,1.17236006786131,1.66673848806114,1,1.25125933593443,1,1,1,1,1.23730682119056,1,1,1.79392148542008,1.6325269194382,1,1.49639885389274,2.86453828043235,NaN,1.41462460126596,1,1,1,1.65908598906947,1.3350477575989,2.0396807131137,1.3235386060883,1.37489214913361,1,1.56267923378002,2.22432596842523,1,1,1,1,1,1,NaN,1,1,NaN,NaN,1.81291873680324,1.50570672364349,1.52866491133004,1.24667504926499,1.53899563546541,1.72962440395189,1.42139667296639,1.49526073480558,1.51939679825462,NaN,1.15198676760269,1.51489823304948,1.28158977365767,1.29363398934239,1,1,1.25300805294154,1,1,1,NaN,1,1,1,1,NaN,1,1,NaN,1,1,1,1.30971188002043,1,1,1.1427026898324,1,1,1,1.34381521226828,1,NaN,1,NaN,1,1,1,NaN,NaN,1,1,1,1,1,1,NaN,1.41358021422713,1,1,1,1.18288173717406,1,1,1,1,1.25992104989489,1,1.27770376826485,1,1,1,1,1
2.02285651678363,1.71956324266701,1.88252463606887,1.98102916951407,2.05658561339724,1.8248884421041,1.89570599875616,1.75423326099003,1.90875279446125,1.88269282618188,1.48496352200069,2.35399502272288,1.13995923661188,1.84083456932676,2.51557895758531,1.46794714664413,1.51472880256298,1,1.88244736886184,1.62608150389962,1.19572092783327,1.73256571428145,1.13257398902511,1.68091365773515,2.00173548562073,1.5540116485127,1,1.87811143213294,1.36302309307022,1.221518009839,1.58255647354039,1.57914912053459,1.38854117117555,1.6554341835588,1.89292917667633,1.46564861855092,1.24398612495523,1.52559429478478,1.40696295622745,1,1,1.33659900745498,1.12824286575844,1.19226764302042,1.34037810007296,1.32850061778155,1.4479263969425,1.29731948389833,1.14869835499704,1,1.27887523049016,1.31487477059389,1.21641679024783,1.50035618131759,1.3821018244887,1.3813164536124,1.40373198138249,1.60020000862762,1.36698793389731,1.2114414927423,1.81016674448863,1.40194228331446,1.82784879473702,1.8038307111834,1.28147059123997,1.21196673213245,1.48481263005204,NaN,1,1.87349334387172,1,1,2.79427798923036,1,1,1,1,1.40427051153995,1,1,1.40018260135007,1,1.26300470843054,1.63929928289751,1,1.42538442023157,1.51652030881802,1,1.33134392205869,1.77250937770744,1,1,1,1,1.26340584269796,1.3871987497454,1.24398612495523,1,1,1.43846651728536,1.15725520778432,NaN,1,1,1,1,1.79885724968668,1.27456727044035,1,1.42704331780567,1.51666819603535,1,1,1.21196673213245,1.22103458604073,1.31205659779815,1,1.15916234259949,1,1,1,NaN,1
1.20854928910161,1,1.28018146200222,1.37662254027377,1,1,1.26340584269796,1.16329572083702,1.36826182119112,1.29705489700516,1,1.42691613097688,1,1,1.49210624836104,1,1,1,1,1,1,1.25666282008077,1,1,1.4155909229184,1.74628606299765,1,1.42501103868267,NaN,1,1,1,1.62127229821507,1.21615730811997,1.33225571991456,1,1,1.86581052771496,1.31783080523857,1,1,1,1,NaN,1,NaN,1,1,1,1,1.61236859251628,1.25230435827332,1.57267725158411,1.25327953304549,1.51315802154143,1.62592878090036,1.46955601828069,1.28331432827336,1.13257398902511,1,1,1.1243029658928,1,1.25992104989489,1,1,1,1,1,1,1,1,1,1,1,1,1,1,1,1,NaN,1,1,NaN,1,1,1,1,1,1.18307015360506,1,1,1,1,1,1,1,1,1,1,1,1,1,1,1,1,1,1,1,1,1,1,1,1,1,1,1,NaN,1,1,NaN,1,1
3.80215974414318,2.14825162991917,1.51467796562914,10.5400652500358,1.48516400334937,1.45200175736582,1.43707623793898,1.48351581583711,1.46530221532913,1.43900310631418,1,1.93233035595972,1.49210624836104,1.50068401823709,2.07273773392466,2.17458142819316,1.6325269194382,1,1.48903026282069,1.88416101223747,1,1.47684746060088,1,1.68578981737556,4.03884278115283,1.92703582307794,1,1.7182172533669,1.6325269194382,1,1.66729882248827,1,1.71239574372441,1.66457773425979,1.29682327801098,1,1,1.50281146613715,1.35996578511285,NaN,1,1.66729882248827,1.6325269194382,1,1,1.61618717819779,1,1,1,1,1.346083563555,1.71713894669559,1.76680512846965,1.33225595703718,1.693144278074,1.59940782983597,1.29263151608687,1.31033770020979,1.64142491151789,NaN,1.62780572088948,1.62019152064427,1,1,NaN,1,1.66642852381892,1,1,1,NaN,1,1,1,1,1,1,1,1.21196673213245,1,1,1,1.3262198486146,1,1.90966863715001,1.33557244932536,1.40643986418062,1,1.22428301721916,1.63048663540777,NaN,1,1,NaN,1,1.28972651313242,1,1,1,1.27961047743981,1,1,1,1,1,1,1,1,NaN,NaN,1,1,1,1,1,1,1,1,1,1,NaN,1,1
1.23965102756588,1,1,2.1544017293247,1.20352093875165,1,1,1,1.21196673213245,1.177479759345,1,1.2536589914988,NaN,1,1,1,1,1,1,NaN,1,1.12824286575844,1,1,1.33447257078315,1.20320315601821,1,1,1,1,NaN,1,1.30504118544682,1.20352093875165,1.18307015360506,1,NaN,1.4350312713435,1.93624678837312,1,1,1,NaN,NaN,NaN,NaN,1,NaN,1,1,1.26294225430712,1,1.27119619381402,1.41061930083915,1.43915334278892,1.29919116614314,1.19963126730128,1.40452867131878,1,1,1,1.20352093875165,NaN,1,1,1,1,1,1,1,1,1,1,1,1,1,1,1,1,NaN,1,1,NaN,1,1,1,NaN,1,1,1,1,1,1,1,NaN,1,1,1,NaN,1,1,1,1,1,1,1,1,1,1,1,NaN,1,1,1,1,1,1,1,1,1,1,1,1
1.32919179424542,1,1.21311624976573,1.33099590286846,1.29234336129041,1.21592704705007,1.36853449364449,1.24822535638093,1.16009093632208,1.35650695442137,1.32577697455417,1.64390780702675,NaN,1,1.44985530386131,1.27346001242752,1,1.17471491864596,1.28019439034613,1.33544536934327,1,1.38044205643149,1,NaN,1.76609140289226,1.20040658514084,1,1.29556306481349,1.49210624836104,1,1,1,1.51091269995688,1,1.18281633346293,1,1,1.25443261086518,1,1.11982173249767,1,1.55789173421111,1,1.54515095744312,1.68470042623369,1.65860963218001,1.29001491611963,1.19572092783327,NaN,1,1,1.15191136299234,1.65678820801457,1.54920481783853,1.37878506044655,1.29566581529459,1.39985824725191,1.18247176276399,1.37811526476105,1,1.55812518353469,1.16329572083702,1,1.4155909229184,1,1,1.6453320847629,NaN,1,1,1,1,1.41563944214537,NaN,1,1,1.28486811805527,NaN,1.4179182144624,1,1,1,1.35857575424889,1,1.41421356237313,1.76860705277073,1.81550228357113,NaN,1.40575591232541,1.79738691163087,1,1,1,1,1.42859600615032,1.70391968364006,1.15549772075248,1.14561011444293,1.49210624836104,1.62907473824707,1,1,1,1,1,1,1,NaN,NaN,1,NaN,1,1,1,1,1,1,1,1,1,1,1,1
1.45271657418449,1.13736501890239,1.81886509805393,1.33325904067866,1.11582739968174,1.13995923661188,1.36026642175261,1,1.40224467307102,1.31149139432244,1,1.36833326583261,1,1.33172455471602,1.76721072108188,1.20352093875165,1,NaN,1.26736299838335,1,NaN,1.19558201208799,1.33069639136604,1.67396621129858,1.93448541820558,1.48181518239763,1,1.33536038540518,1,1,1.65340560723866,1,1.44950480524603,1.38971229935679,1,1,1,1,1.25125933593443,1,1.49210624836104,1.20352093875165,1.25992104989489,1,1,1.26385588248547,1.31636335422556,1,1,1.30794464998828,1.54704376930944,1.38941843417209,1.42499613593039,1.4173152161246,1,1.58848524770066,1,1.42218426083762,1.48756352227935,2.01613938327901,1.31699865985222,1.37148549397712,1.40634837396511,1.87704271024637,1.47462394440135,1.23552874566569,2.13306283697816,1,1,NaN,1,1,1,1,1,NaN,1,1.17222006315492,1,1,1.13736501890239,1,1,1.16329572083702,1,NaN,1,1,1,1,1,1,1,1,1,1,1,1,1,1,1.14561011444293,1,1,1,1,1,1.66913557572496,1.1676491119429,1,1.38943106424036,1.48260849116457,1,1,1.21196673213245,1,1,1,1,1,1,1.32707351273169,NaN,1
1,1,1,1,1,1,1.49210624836104,1,NaN,1,NaN,1,NaN,1.6325269194382,1.49210624836104,1,NaN,1,1.41421356237313,1,1,1,1.7495454369023,1.43447602976278,1.92837321975876,1.51279422628851,1,2.0055880080598,1,1,2.0868641815847,1,1,1,1,1,1,1,1,1,1,1,1,NaN,1,1,1.23743671143966,1,1,1.58756300682228,1.41421356237313,1.3215957463782,1,1,1,1.49210624836104,1,1,1.97903831521941,1.29646120510541,1.23243481660586,1.31118446524039,1.86645490374666,1.17222006315492,1.4593696451247,1.61889690395827,NaN,1,1,1,1,1,NaN,1,1,1,1,1,1,1,1,1,1,1,1,1,1,1,1,1,1,1,1,1,1,1,1,1,1,1,1,1,1,1,1,1,1,NaN,1,1,NaN,1,1,1,1,1,1,1,1,1,1.18307015360506,1,1
1.177479759345,1,1,1.41421356237313,NaN,1,1,1,1,1.29731948389833,1,1.13736501890239,NaN,1,1,NaN,1,1,1,NaN,1,1,1,1.29950706113674,1.41546508630749,1,1,1.29950706113674,1,1,1.39915078771711,1,1.23552874566569,1,1,1,1,1,1,1,1,1,1,1,1,NaN,1,1,1,1,1.13995923661188,1.24398612495523,1.19226764302042,1.73283025275587,1,1.61172620611656,1,1.60253225556027,1.35167819065242,1.27621002792761,1.51969183851559,2.20631310039694,1.58229492011982,1.87822817541764,1.94938128006868,1,1.43265176779522,1,1,1,1,1,1,1,1,1,1,1.5747373699871,1.26736299838335,1,1.70402454966165,1.87071543848591,1,1,1,1,NaN,1,1,1,1,1,1,1,1,1,1,1,1,1,1,1,1,1,1,1,1.22409238928166,1,1,1,1.23160288631568,1,1,NaN,1,1,1,NaN,1,1,1,1,1
1.36253737978977,1,1,1.23552874566569,1.18920711500273,1,1.31129481504899,1,1.18288173717406,1.21445240849567,1,1.46542115638932,NaN,1,1.1676491119429,1,1,NaN,1.19936041644314,1,1,1.31586528829101,1,1,1.44739531252943,1.25443433046737,1,1,1,1,1.48031489803404,1,1.46110258761904,1.12246204830938,1.11582739968174,1,1,1.45291261365486,1.4502057579548,NaN,1,1,1,1,1,1,1,1,NaN,1,1.66159647347572,1.70633581629662,1.62221713900315,1.33982548749546,1.30594493392121,1.57570886245324,1.31307800514748,1.35770884998663,1.40555666641687,1.53724567838962,2.21598140993187,1.52697774526226,1.72583269461697,1.53765597411275,1.25884929765932,NaN,1.89590095279595,1,1,1,1,1,NaN,1,1,1,1,1,NaN,NaN,1,1,1,1.6639265809154,1,1,NaN,1,1,1,1,1,1,1,1,1,1,1,NaN,1,1,1,1,1,1,1,1.42063635838215,1.20352093875165,1,1.11288409786319,1.30001330843887,1,1,NaN,1,1,1,1,1,1,1,1,1
1.21361447144992,1,1,1,1.20352093875165,1,1,1,1.18681268186307,1.24398612495523,1,1.35411963248517,NaN,1,1.11900883045934,1,NaN,1,1,1,1,1.30140751104072,1,1.26713042293276,1.60365502804582,1.15916234259949,1,1.23781310873768,1,NaN,1.48045712906768,1,1.22506468517805,1.24855234563197,1.20352093875165,1,1,1,1,NaN,1,1,1,1,1,1,1,1,1,1,1.2915243207263,1.3021979310325,1.38499648153861,1.84306660965737,1,1.24507078588052,1,1,1.45529955293563,1.83562761908726,1.581487162179,1.78569375598126,1.35110385921626,1.70183152936039,1.76899701151541,1.40378951107902,1.57415330517815,1,1,NaN,1,1,1,1,1,NaN,1,1.13736501890239,1,1,1.39813308645891,1,1,1,1,1,1,1,1,1,1,1,1,1,1,1,1,1,1,1,1,1,1,1,1,1,1.71667864758616,1,1,1.48388750375257,1.66756386714399,1,1,1,1,1.28338476181388,1,1,1,1,1,NaN,1
1.19226764302042,1,1.24855234563197,1.31562698564376,1,1.27566550512469,1.43397909087319,1,1.10885536541774,1.13257398902511,1,1.29758396969067,NaN,1.35810419610781,1.18307015360506,NaN,1,NaN,1.18586081363847,1,1,1.14706620675919,1,1.35750597861774,1.49090758462024,1.29234336129041,NaN,1.13035559372476,1,1,1.3706235985674,1,1.29120037547974,1,1.26957904539943,NaN,1,1,1,1,1,NaN,1,NaN,1,1,NaN,1,1,1,1.30718117964544,1.13035559372476,1.34374083114207,1.83819137118528,1,1.52758202125942,1,1.12069910844067,1.80826376443407,1.18425110513837,1.80611378223352,1.59003511104628,1.71745187956553,1.16280475116904,1.6400197704409,1.52974455373089,1.40080717482375,1,1,1,1,1,NaN,1,1,1,NaN,1.27381485407962,1.25884929765932,1,1.33868853695927,1,1,1.29950706113674,1,1,NaN,1,NaN,NaN,1,1,NaN,1,1,1,1,1,1,1,1.3021979310325,1,1,NaN,1,1.38232741188972,1.77874152240857,1.33134392205869,1.2517831949717,1.79647839637508,1.39777520065432,1,NaN,1,1.22624303596659,2.12648655794694,1,1.25337019681132,1,1,1.57545128535417,NaN,NaN
NaN,1,1,1,1,NaN,1,NaN,NaN,1,1,1,1,1,1,1,1,1,1,1,1,1,1.20309184468137,1,1.2928362575006,1,1,1,1,1,1,1,1,1,1,1,1,NaN,NaN,1,1,NaN,1,1,1,1,1,1,NaN,2.09313393959764,1,1,1,1.21124305326658,1,1,1,1,1.49059052439506,1.46246923432704,1.9204568358764,1,1.69442869903068,1.63797926381397,1.23617956708495,1.45152128293596,1,1,1,1,1,1,1,1,1,NaN,1,1,1.47464620441419,1,NaN,1,1,1,1,1,1,1,1,1,1,1,1,1,1,1,1,1,1,1,1,1,1,1,1,NaN,1.177479759345,NaN,NaN,1.60695175774347,1.22595208904798,1,1,1,1,1,1,NaN,1,1,1.67695417579252,1,1
NaN,NaN,1,1,1,1,1.6325269194382,1,NaN,1,1,1,1,NaN,1,1,1,1,1,NaN,1,1,1.18920711500273,1,1.40197746711061,1,1,1,1,1,1,1,1,NaN,NaN,1,1,1,1,1,1,1,1,1,1,1,1,NaN,1,1.82863811952664,1,NaN,1,1.20352093875165,1,1,1,1,1.15024480172998,1.67726403842507,1,1,1.29399692848938,1.61901086918637,1.49768451101535,1.50820203452773,1,1,1,1,1,1,1,1,1,1,1,1,NaN,1,1,1,1,1,1,1,1,1,1,1,1,1,1,1,1,1,1,1,1,1,1,1,1,1,1,1,1,1,NaN,1.54274353569232,1.4746931290306,1,1,1,1,1.2821531359777,1,1,1,1,1.38010386111066,1,1
1.26385588248547,1,1,1,1,1,1,1,1,1,1,1.13257398902511,1,1,1.1676491119429,NaN,1,1,1,NaN,1,1.19598466369886,1,1,1.48389591135916,1.19598466369886,1,1.221518009839,1,NaN,1,NaN,1.26975824856689,1,1,1,NaN,NaN,1,1,1,1,NaN,1,1,1,1,1,1,1,1.26595126128425,1.14270268983241,1.31994956029691,1.55783361675843,1,1.70728534855337,1.15549772075248,1.69119119024543,2.13507226585928,1,1.42043820810006,1.87215745658652,1.45476835196733,1.4010182014815,1,1,1.23843512960502,NaN,1,NaN,1,1,1,1,1,1,NaN,1,1,1,1,NaN,NaN,1.19572092783327,1,1,NaN,1,1,1,1,1,1,1,1,NaN,1,1,1,NaN,NaN,1,1,1,1,1,1.18968336725754,1,1,1,1,1,1,NaN,1,1,1,1,1,1,1,1,1
1,1,1.19936041644314,1.20352093875165,1,1.27840761861194,1.11149277487708,1.221518009839,1.57709866265173,1.6301989527211,1,1,1,1,1.45847874841769,1.20726843043897,1,1,1.4558596726493,1,NaN,1,1,1,1.25992104989489,1,1,1,NaN,1,1,NaN,1,1,1,1,1,1,1,1.29695118232986,1.77422074249104,1.37491362345024,1.29950706113674,1.35547621719449,1,1,1.41378213457197,1.56680900720608,1,NaN,1,1,1,1,1,1,1,1,1,1,1,1,1,NaN,1,1,1,1.56023050981608,1.16318840235276,1.16016037032396,1.82782920197372,1.34713095289228,1.88303553606577,1.34566034746962,1,1,1,1,1,1,1,1,1,NaN,1,1,1,1,1,1,1,1,1,1,1,1,1,1,1,1,1,1,1,1,1,1,NaN,1,1,1,1,1,1,1,1,1,1,1,1.42712492217667,1,1,1,1
1.29731948389833,1,1,1,1,1,1.46507880780528,1,1.18307015360506,1.23964806985541,1.20854928910161,1.221518009839,1,1,4.02605520901102,2.06160761184583,1,1.6325269194382,1.38173476798271,1.32819371972234,1,1,1,1,1.99564610405549,1,1,1,1,1,1,1,1,NaN,1,1,1,1,1,1,1,1,NaN,2.33090682468197,NaN,1,2.14048883764309,1,1.43184563199786,1,1,NaN,1,1,1,1,1,1,1,1,1,1,1,1,1,1,1,1.31771597788944,1.57758977098396,1.34708228037162,1.87810679393353,1.36635700922428,1.13257398902511,1.39621373316091,1,1,1,1,1,1,1,1,1,1,1,1,1,1,1,1,1,1,1,1,1,1,1,1,1,1,1,NaN,1,1,1,1,1,1,1,1,1,1,1,1,1.59396581567195,1,1,1,1.86069020873196,1.35629492170208,1.78285864332886,1.30832098311516,1.17471491864596
1.39339964320892,1.26069447201297,1.41199972964502,2.04907007887567,2.80133640628388,1.44575171191213,1.55938265968702,1.36606444066499,1.3947064143864,1.53618234011338,1.39437738589168,1.48926371228622,1,1.71180412992933,4.62005262502366,1.58094839919789,1,1,1.63704998732681,1.56894651403388,1,1,1,1,1.6741212724815,3.07220590027723,1,1.51472880256298,1,NaN,1,1,1,1.6325269194382,NaN,1,1,NaN,NaN,1.56518212008853,1.2960817793991,1.86561703122212,1.55620223039389,1.78973134159246,1.49033584421111,1.30885660246168,1,1.35720419357374,NaN,1,NaN,1.76112410819403,1,1.83991578025036,NaN,NaN,1,1.30971188002043,1,1,1,1,NaN,1,1,1,1,1.16805088831934,1.46318558231202,1.47944541499615,1.84454482471018,1.52451414105593,1.17919263050252,1.60327984500364,1,NaN,1,1,1,1,1,1,NaN,1,1,1,NaN,1,1,1,1,1,1,1,1,1,1,1,1,NaN,1,NaN,1,1,1,NaN,NaN,1,1,1,1,1,1,1,1,3.55556971530313,1,1,1.64942723707343,1.16043796065671,NaN,NaN,1.23243481660586
1.33686511350421,1.33944655845854,1.23781310873768,1,1.42996031736723,1.34132540121758,1.26643857115457,1.15925722347831,2.3409884438966,1.22086378269536,1.29950706113674,3.34208365949878,1,1,1.2464464155962,1.31118446524039,1,1,1.28018146200222,1.33702029542633,NaN,1.55783870247847,1,1,2.67146952085774,1,1,NaN,1,1,NaN,1,1.25992104989489,NaN,1,1,1,1,NaN,1.19226764302042,1,1.62748195907039,1,1.34352240997191,1,NaN,1.4095021728237,1.96828729038985,1.52742095737484,1,1,NaN,1,1,NaN,1,1,1,1,1,1,1,1,NaN,1,1,1,1.83576586201194,1.84491388959865,1.78328229503409,1.52767632028876,1.22646301928188,1.72847607996145,1.22513789626442,1,1,1,1,1,1,1,1,1,NaN,1,1,1,1,1,1,1,1,1,1,1,1,1,1,1,5.20708566951989,1,1,1,1,1,NaN,1,1,1,1,1,1,1,1,1,1,1,1,1.60329448369697,1.61126187730903,1.1676491119429,1.18307015360506,3.51166545425417
1,1,1,1,1,1,1,NaN,1,1,1,NaN,1,1,1,1,1,1,1,1,1,1,1,1,1,1,1,1,1,1,1,1,1,1,1,1,1,1,1,1.18920711500273,1,1,1,1,1.41421356237313,1,1.56433207196403,1,1.43311026523593,1,1,1,1,1,1,1,1,1,1,1,1,1,1,1,1,1,1,1.38964101508635,1.32766872468096,1.59480888825308,1.23691475876191,1.49219803175496,1.34615789249945,1.64022500941026,1,1,1,1,1,1,1,1,1,1,1,1,1,1,1,1,1,1,1,1,1,1,1,1,1,1,1,1,1,1,1,1,1,1,1,1,1,1,1,1,1.25125933593443,1,1,NaN,1.73190168395467,1.77850122952031,1.53856091099657,1,1.20051352317105
1.79198911502363,1.70679529570833,1.82808612581222,1.74641473873833,1.69920744844485,1.70068239707854,1.79913337029935,1.50820666038983,1.71437881178371,1.88801665674911,1.6867886456777,1.50149382709786,1.17236006786131,1.34887692589117,1.78755874421621,1.834831847364,1.29705489700516,1,1.88432447879233,1.88240316673045,1.25507194571338,1.22785872880073,NaN,1,2.05998382256296,1.36995467928458,1,1.22086378269536,1,1,1,1,1,1.27621002792761,1,1,1,1,1,1.27583028913535,1.56824112407896,1.44178006381792,1.56630050447486,1.55772443301982,1.78674371304059,1.81596603363526,1.61868310714507,1.18288173717406,1,1,1,1,1,2.78087598955601,1,1,1,1.43305197075374,1,1,1,1,1,1,1,1,1,1.83848332357756,1.19331233961398,1.18111623155485,1.82153274205212,1.33874672238543,1.47889832802229,1.76792327488571,1,1,1,1,1,1,1,1,NaN,NaN,1,1,1,1,1,NaN,1,1,1,1,1,1,1,1,1,1,1,NaN,1,1,1,1,1,NaN,1,1,NaN,1,1,1,NaN,1,1,1,1.33246558709487,1.21445240849567,1,1,1
1,1,1,1,1.21196673213245,1,1,1,1,1,1.32707351273169,1,NaN,1,1.23160288631568,1,1,1,1.24427188967351,1,1,1,1,1,1,NaN,1,NaN,1,1,1,1,1,1,1,1,1,1,1,1.14270268983241,1,1.18003739071727,1,1.24858460601561,1,1,1.34955704949581,1.83832074575043,1.22867363906691,1,1,1,1,1,1,1,1,NaN,1,1,1,1,1,1,1,1,1,1.34522804787152,1.41688147346931,1.64040436157461,1.23266285233278,1.71675495623074,1.77650353257107,1.52944903595271,1,1,1,1,1,1,1,1,1,1,1,1,1,1,1,1,1,1,1,1,1,1,1,1,1,1,1,1,1,1,1,1,1,1,1,1,1,1,1,1,1,NaN,1,1,1.26255828132535,1.19107353821032,1,1,1
1,1,1,NaN,1,1,1,1,1,1,1,1,1,1,1,1,1,1,1,1,1,1,1,1,1,1,1,1,1,1,1,1,1,1,1,1,1,1,1,1,1,1,1,1,1,1,1,1,1,1,1,1,1,1,1,1,1,1,1,1,1,1,1,NaN,1,1,1,1,1,1,1,1,1,1,1.60618358118517,1.52059820056831,1,1,1.48279900522726,1,1,1,1.65115406390634,1,1,1,NaN,1,1,1,1,1,1,1,1,1,1,1,1,1,1,1,1,1,1,1,1,1,NaN,1,1,1,1,1,1,1,1,1,1,1,1,1,1
NaN,1,1,1,1,1,NaN,1,1,1,1,1,1,1,1,1,1,1,1,1,1,NaN,1,1,1,1,1,1,1,1,1,1,NaN,1,1,1,1,1,1,1,1,1,1,1,1,1,1,1,1,1,1,1,NaN,NaN,1,1,1,NaN,NaN,1,2.17458142819316,1,1,1,NaN,1,1,1,1,1,1,1,1,1,1.49252546249878,1.51849838279498,1,1.42511262407956,1.29029141318227,1.83382525980042,1.45241294268523,1.83942240857682,1.54212434282319,1,1,1,1.25831175477967,1,1.23134467157218,NaN,1,NaN,1,1,1,1.14869835499704,1,NaN,1,1.25337019681132,1,1,1,1,1,1,1.33622922066156,1.25814184064328,1,1,1,1,1,NaN,1,NaN,1,1,1,1,1,1,1
1,1,1,1,NaN,1,1,1,1,1,1,1,1,1,1,1,1,1,1,1,1,1,1,1,1,1,1,1,1,1,1,1,1,NaN,1,1,1,1,1,1,1,1,1,1,1,1,1,1,1,1,1,1,1,1,1,1,1,1.21435011607616,NaN,1,1,1,1,NaN,1,1,1,1,1,1,1,1,1,1,1,1,1.30851473759599,1,1.81681704589626,1.3151248891335,1,1,1.67181912375866,1,1,1.23817685692305,1,1,1.26453933370779,1.80889229344288,1,1,1,1,1,1,1,1,1,NaN,1,1,1,1,1,1,1,1,1,1,1,1,1,1,1,1,1,1,1,1,1,1,1
10.4256464049499,2.04195735553164,1,10.1926537991353,1,NaN,1,NaN,1,1,1,1,1,1,1,NaN,1,1,1,1,1,1,1,1,1,NaN,1,NaN,1,1,NaN,1,1,1,1,NaN,1,1,NaN,1,1,1,1,1,1,1,1,NaN,1,1,1,NaN,1,1.29091516907661,1,1,1,1,1.22210923139977,1,1.58738286866107,1,1.20320315601821,1.40842002499919,NaN,1,1,1,1,1,1,1,NaN,1,1,1.43856377469842,1,1.22946888834133,1.6325269194382,1,1.58241136972979,1.83968252279368,1.33494210952016,1,1,1,1,1,1,1,NaN,1,1,1,1,1,1,NaN,1,1,1.47464620441419,1,1,1,NaN,1,1.75798178089739,1.55549010806949,1,1.32457327731949,1.41049727123173,1,1,1.67738562536927,1.89386970995369,1.91293118277201,1,2.29440334531188,NaN,1,1.30679141682959,2.66514414269039,1
NaN,1,1,NaN,1,1,1,1,1,1,1,1,1,1,1,1,1,1,NaN,1,1,1,1,1,1,1,1,NaN,1,1,1,1,1,1,1,1,1,1,1,1,1,NaN,1,NaN,1,1,1,1,1,1,1,1,NaN,1.221518009839,1,1.29950706113674,1,1.50670963008779,1,1,1.35715123854123,1,1,1.23182097891286,1,1,1,1,1,1,1,1,1,1,1.46273726343631,1.12824286575844,1.85629704885942,1,1.27714452957838,1.25992104989489,1.26907367449351,1,1.81655594315651,NaN,NaN,1,1,1,1,1.17731804503027,1,1,1,1,NaN,1,1,1,1,NaN,1,1,1,1,1,1,NaN,1,1,1,1,1,1,1,1,1,1,1,1,1,NaN,1,1
1,NaN,1,1,1,1,1,NaN,1,NaN,1,NaN,1,1,NaN,1,1,1,1,1,1,1,1,1,NaN,1,1,NaN,1,1,1,NaN,1,1,1,1,1,1,1,1,1,1,1,1,1,1,1,1,1,1,1,1,1,1,1,1,1,1.22624303596659,1,1,1,1,1,1,1,1,NaN,1,1,1,1,1,1,1,1,1.81761251807911,1.23613719378584,1.25992104989489,1.25992104989489,1.20651943735894,1.330109293468,1,1.29983519691578,1.21157814719086,1,1.30033007737057,1.23994378152724,1,1.60941645501218,1,1.93483083792688,NaN,1,1,1.18920711500273,1.26460640219501,1,1,1,1.10639381107102,1,1,1,1,1,1,1.33944655845854,1,1,1,NaN,1,1,1,1,NaN,1,1,1,1,1,1,1
1.48424058242732,1.39511539881219,NaN,2.32674476566189,NaN,1.49210624836104,1,NaN,NaN,NaN,1,NaN,1,1,1,1,1,1,1,NaN,1,NaN,1,1,1,1,1,1,1,1,1,1,1,1,1,1,1,NaN,1,NaN,1,1,1,1,1,1,1,1,1,1,1,1,1,1,1,1,1,1,1,1,1.71986380049545,1,1,1.34182335753485,1,1,1,1,1,1,1,1,1,1,1.20576834704218,1.53744231652658,1,1.53861924697247,1.26104622709684,1.37935241780827,1.4607093187214,1.6814696854052,1.94644255970563,1,1,1,1,1,1.2464464155962,1,1.32707351273169,1,1,1,1,1.13035559372476,1,1,NaN,1.11582739968174,1.75861351752867,1,1,1,NaN,1,1.98947366727469,1.77338849390754,1.17236006786131,1.33018332571246,1.2720379892609,NaN,1,1,1,1,NaN,1,1,1,2.26007848212226,1,1
1,1,1,NaN,1,1,1,1,1,1,1,1,1,1,1,1,1,1,NaN,1,1,1,1,1,1,1,1,1,1,1,1,1,1,1,1,1,1,1,1,1,1,1,1,1,1,1,1,1,1,1,1,1,1,1,1,NaN,1,NaN,1,1,1.8935638667107,1,1,NaN,1,1,1,1,1,1,1,1,1,1,1,1.81767731802256,1,1.81072788620163,NaN,NaN,1.73446503481422,1.21212097700822,1.16329572083702,1,1,NaN,NaN,1,1,NaN,1,1,1,1,1,1,1,1,1,1,1,1,1,1,1,1,1,1,1,1,1,1,1,1,1,NaN,1,1,1,1,1,1,1
1,1.47489465250093,1,1.27621002792761,1,1,1,1,1,1,1,1.14270268983241,NaN,1,NaN,1,NaN,1,1,1,1,1,1,1,1.84960336140394,1.24507078588052,1,1,1,1,1,NaN,1.18307015360506,1,1,1,1,1,1,1,1,NaN,1,1,1,1,1,1,1,1,1,1,1,1.46981876960136,1,1.35665625586026,1,1.57916573019406,1,1,NaN,1,1,1,1,1,NaN,1,1,1,1,1,1,1,1.65033583824364,1.53559554410317,1.68643105174122,1.45723820135305,1.82827998228509,1.29736527017064,1.88040694620182,1.14561011444293,1.6158803653194,1.26284826483826,1.23243481660586,1.68784475626503,1.64378505695881,1.36720299851009,1.49739265505782,1.30095709673768,1.72133592192809,1.15198676760269,1,1,1.16455935925493,1.51235426955734,1,1,NaN,1.54285040199444,1,1,1,1,1,1,1.87729992585397,1.26453933370779,1,NaN,1,1,1,NaN,1,NaN,1,NaN,1,1,1.36340444862104,1,1
1.52527609162011,1.45453508111965,1.72273812341873,1.62291241958857,1.30692452165421,1.71152230874463,1.51329125559927,1.49112947578474,1.53465456100581,1.60374956121368,1.31915990484355,1.17217167732006,NaN,1,1.22103458604073,1,1,NaN,1.3850781785226,1,1,1,1,1,1,1,1,1,1,1,1,1,1,1,1,1,1,1,NaN,1,1,1,1,1,1,1,1,1,1,1,1,1,1,1.63206656028619,1,1.23243481660586,NaN,1.12824286575844,1,1,1,1.71968315006525,1,1.27770376826485,1,1,1.18003739071727,1,1,1,1,1,1,1,1,1,1,1,1,1,1,1,1.33188812398325,1.46453986893736,1.29520679873653,1.22624303596659,1.27296645197188,1.44964392916702,1.6493616385011,1.27770376826485,1.48689754884583,1.69140508358731,1,1,1,1.68600940491466,1,1,1,1.30190606490908,1,1,1,1,1,1,1,NaN,1,1,1,1,1,1,1,1.28621919024892,1,1,1,1,NaN,NaN,1
1.88567170688146,2.50322718393357,2.89686313533052,6.33450583892941,1.49210624836104,1.88567170688146,1.66729882248827,NaN,1.46177630938359,1.74289646972428,1.88567170688146,4.56673910188734,1,1.99342414066037,3.31422310016715,2.14412062253011,NaN,NaN,2.57152516097065,2.17458142819316,1,NaN,NaN,2.78195443437884,3.71377051215946,2.6867708211107,1,1.78348849573018,1,1,NaN,1,1,1,1,1,1,NaN,NaN,1,1,1.94184373444824,NaN,1.49210624836104,NaN,2.59503064824803,1,1,1,1,1,1,1,1,1,2.20185321336756,1,1.29950706113674,NaN,1,1,1,NaN,NaN,1,1,1,1,1,1,1,1,1.6325269194382,1,1,1,1,1,1,1,1,1,1.25992104989489,1.26024106932506,1.44938872717125,1.13995923661188,1.15198676760269,1,1.75655683833693,1,1.30340497816153,1.47274408489528,NaN,1,1,1.60928451126279,NaN,1,1,1.79970463635493,1,1,1,1,1,1,1,1,1,1,1,1,1,1,1,1,1,1,1,1,1,1,1
1,NaN,1,1,1,1,1,1,1,1,1,1.3229548306292,1,1,NaN,1,1,1,1,1,1,1,1,1,1,1,1,NaN,NaN,1,NaN,1,1.11288409786319,NaN,NaN,1,1,1,1,1,1,1,1,1,1,1,1,1,1,1,NaN,1,1.25855160558084,1.517684514226,1,1.45992062354478,1,1.77816568932754,1,1,1,NaN,1,1.6325269194382,1,1,NaN,1,1,1,1,1,1,1,1,1.15549772075248,1.32099288640013,1,1,1.40096612088871,1.17236006786131,NaN,1.71568976866963,1.16329572083702,1.31118446524039,1.24547556503642,1.27726356047249,1.47937578594048,1.32555959586616,1.5103747630839,1,1.28992753669497,1,1,1.56950406119358,1.8189812738351,1.20352093875165,1.1676491119429,NaN,1.69244241782486,1,1,1,1,1,1,1,NaN,1,1,1,1,1,1,1,1,1,1,1,1,1,1,1
1.18307015360506,1,1,1,1,1,1,1,1,1,1,1.15916234259949,1,NaN,NaN,1,1,1,1,1,NaN,1.15925722347831,1,1,1,1,1,1,1,1,1,1,1.20109521960919,1,1,1,1,NaN,NaN,1,1,1,NaN,1,NaN,1,1,1,1,1,1,1,1.11149277487708,1.62421389942353,1,1.52463637214505,1,1.88476695585789,1,1,NaN,1,NaN,1,1,1,NaN,1,1,1,1,1,1,1,1,1,1,1,NaN,1.39409915059463,1.14869835499704,1,1.65853950568446,1.15198676760269,1,1.28038785629522,1.41091689556947,1.33404528964932,1.84114228676332,1.69066956736942,1.26713042293276,1.59529507059317,1.20352093875165,1,1.39918249617275,1.57262195095669,1.19562886406029,1.31325819400261,1,1.72049931563854,1,1,1,1,1,1,1,1,1,1,1,1,1,1,NaN,1,1,NaN,1,1,1,1,1
1,NaN,1,1,NaN,1,1,1,1,1,1,NaN,1,1,1,1,1,1,1,1,1,1,1,1,1,1,1,1,1,1,1,1,1,1,1,1,1,1,1,1,1,1,1,1,1,1,1,1,1,1,1,1,1,1,1,1,1,1,1,1,1,1,1,1,1,1,1,1,1,1,1,1,1,1,1,1,1,1,1,1,NaN,1,1.40404470855428,1.4952713050251,1.23243481660586,1.37282910398762,1.37684569950252,1.36749122823797,1.38125156954106,1,1.64031226251819,1,1,1,1,1.53856091099657,NaN,1,1,1.6017101850391,1,1,1,1,1,1,1,1,1,1,1,1,1,1,1,1,1,1,1,1,1,1,1
1.33944655845854,1,1,1.41421356237313,1,1,1,1,1,1,1,1.15925722347831,1,NaN,1,1,1,1,1,1,1,1,1,1,1,1,1,NaN,1,1,1,1,1.177479759345,1,1,1,1,1,1,NaN,1,1,1,1,1,1,1,1,1,1,1,1,1,1.37598594380318,1,1.22066219905672,1,1.53189367643887,NaN,1,1,1,1,1,1,1,1,1,1,1,1,1,NaN,1,NaN,1.29915285271258,1.34509985498849,1,1,1.57518538345091,1.20179767711927,NaN,1.52029349384814,1.71350702088772,1.8008730522074,1.32742505973377,1.75983802586647,1.38403877797101,1.18458409630316,1.56485694692182,1.54762351810604,1.88893005578681,1,NaN,1.32039666419455,1.61239465032473,1,1,1,1.59493440638335,1,1,1,1,1,1,1,NaN,1,1,1,1,1,1,1,1,1,1,1,1,1,NaN,1
1,1,1,1.24507078588052,1,1,1,1,1,1,NaN,1.33786052062832,1,1,1,1,1,1,1,NaN,1,1.14869835499705,1,NaN,1,1,1,NaN,NaN,1,1,NaN,1,1,1,1,1,NaN,1,1,1,1,1,1,1,NaN,1,1,1,1,1,1,1.2337463045443,1.68893617639577,1,1.66884488690581,1,1.69154566650603,1,1,1,NaN,1,NaN,1,1,NaN,1,1,1,1,1,1,1,1,1,1.81789732348285,1,1.13995923661188,1,1,1,1.46170179730251,1,1,1.51502268554394,1.70823535762404,1.36340444862104,1.68898338969507,1.20003418348602,1,1.30375161320737,1,1,1.60518173424098,1.81616432562844,1.20352093875165,1.19562886406029,1,1.71487613565282,1,1,1,1,1,1,1,NaN,1,1,1,1,1,1,1,1,1,1,1,1,1,1,1
NaN,NaN,1,1,1,1,1,1,1,1,1,NaN,1,1,1,1,1,1,1,1,1,1,1,1,1,1,1,1,1,1,1,1,NaN,1,1,1,1,1,1,1,1,1,1,1,1,1,1,1,1,1,1,NaN,1,1,1,1,1,1,1,1,1,1,1,1,1,1,1,1,1,1,1,1,1,1,1,1.29950706113674,1,NaN,1,1.85498157230819,1,1,1.71728356314793,1.46353656339766,1.23149112349722,1,1.19598466369886,1.6358817347678,1.51780712624566,1,1.26208174978922,1.32707351273169,1,1,1,1,1,1,1,1.39046576881857,1,1,1,1,1,1,1,1,1,1,1,1,1,1,1,1,1,1,1,1,1,1,1
1.6325269194382,1,NaN,1,NaN,NaN,1,NaN,NaN,NaN,1,1,1,1,1,1,1,1,1,1,1,1,1,1,1,1,1,1,1,1,1,1,NaN,1,1,1,1,NaN,1,1,1,1,1,1,1,1,1,1,1,1,1,1,1,1,1,1,NaN,1.35810419610781,1,1,1,1,1,1,1,1,1,1,1,1,1,1,1,1,1,NaN,1,1,1,1,1,1,1,1.67517989233023,1.49030858240943,1.1262277351824,1.53930133524143,1,1.79436506979789,1,1,1.26160575034948,1,1,1.8626861747391,1.33677778161743,1,1,1,1.67254711300507,1,1,1,1,1,1,1,1,1,1,1,1,1,1,1,1,1,1,1,1,1,1,1
1,1.21615730811997,1,1.41421356237313,NaN,NaN,1,1,1,1,1,1,1,1,1,1,1,1,NaN,1,1,1,1,1,1,1,1,1,1,1,1,1,1,1,1,NaN,1,1,1,1,1,1,1,NaN,1,1,1,1,1,1,NaN,1,1,1,1,1,NaN,1.23965102756588,1,1,1,1,1,1,1,1,1,1,1,1,1,1,1,1,1,1,1,1,1,NaN,NaN,1,NaN,NaN,1,1,1.24507078588052,1,1,1,1,1,1.5497957148447,1.42139211640206,1,1.36669432862337,1.76894426248538,1.2313774889656,1.80396098274919,1.6355900819087,1,1,1,1,1,1,1,1,1,1,1,1,1,1,1,1,1,1,1,1,1,1,1
1,1,NaN,NaN,NaN,NaN,1,1,1,1,1,NaN,1,1,1,1,1,1,1,NaN,1,1,1,1,1,1,1,1,1,1,1,1,1,NaN,NaN,1,NaN,1,1,1,1,1,1,1,1,1,1,1,1,1,1,1,NaN,1,1,1,1,1,1,1,1,1,1,1,1,1,1,1,1,1,1,1,1,1,1,1,1,1,1,1,NaN,1,1,1,1,1,1.19598466369886,1,1,NaN,1,1,1.42592920863996,1.53141167966159,1.24507078588052,1.48417500056964,1.50245624716052,1.89688701587772,1.31586204200523,1.46147129921253,1,1,1,1,1,1,1,1,1,1,1,1,1,1,1,1,1,1,1,1,1,1,1
1,1,1,1,1,1,1.16329572083702,1,1,1,1,1.15549772075248,1,1,NaN,1,1,1,1,1,1,1.27770376826485,1,1,1,1,1,1,1,1,1,1,1.31915990484355,1,1,1,1,1,NaN,1,1,1,1,1,1,1,1,1,1,1,1,1,1,1.42205710798299,1,1.39505432942621,NaN,1.6297565059935,1,1,NaN,1,1,1,NaN,1,1,1,1,1,1,1,1,1,1,1,NaN,1,NaN,1,1,1,1.2596647099421,1.20352093875165,1,1.6503107335914,1.37852899589101,1,1.40058807526748,1.48651793595131,NaN,1.82105411196568,1.27770376826485,1,1.50454265458283,1.29937257601342,1.65229728121739,1.6851959818323,1,1.84766217658623,1,1,1,1,1,1,1,NaN,1,1,1,1,1,1,1,1,1,1,1,1,1,1,1
1.18586081363847,1,1.177479759345,1.34707912109824,1,1,1.19936041644314,1.25992104989489,1.221518009839,1,1,1.21584805908663,NaN,1,1,NaN,1,1,1,1,NaN,1.13035559372476,1,1,1,1.23243481660586,1,1,1,1,1,1,1.18890827801243,1,1,1,1,1.26713042293276,1,1,1,1,1,1,1,1,1,1,1,1,1,1,1.22332129343786,1.66495255247728,1,1.51881768333767,1.25992104989489,1.80988620748548,NaN,1,1,1,1,1,1,1,1,1,1,1,1,1,NaN,1,NaN,1.1676491119429,1,1,NaN,1.30885660246168,1,1,1.46169427599934,1.66076941116423,1.63468650750031,1.71646951745241,1.64524280331524,1.84570095002078,1.58209544556154,1.67014918817053,1,1.34865663311275,1.32241874243771,1.4038653191054,1.29239394597587,1.48807859789287,1.50299033413894,1.32458364873325,1.70298111327295,1.18508064766517,1,1,1,1,1,1,1,1,1,1,1,1,1,1,1,NaN,1,1,1,1,1,1,1
1,1,NaN,1,1,1,1,1,1,1,1,1,1,1,1,1,1,1,1,1,1,1,1,1,1,NaN,1,1,1,1,1,1,1,1,1,NaN,1.44224957030778,1.41638510820734,1,1,1,1,1,1,1,1,1,1,1,1,1,1,1,1.32555521660641,1,1.20352093875165,1,1.4538701246649,1,1,NaN,1,1,NaN,1,1,1,1,1,1,1,1,NaN,1,1,1,1,1,1,NaN,1,1,1.21196673213245,1.16329572083702,NaN,1.22103458604073,1.19331233961398,NaN,1.1676491119429,1,NaN,1,1.73217485184724,1.4970549320633,1.69790970187409,1.48146038860892,1.45731005392516,1.40926566500754,1.54652262792966,1.71539463028561,1,1,1,1,1,1,1,1,1,1,1,1,1,1,1,1,1,1,1,1,1,1,1
1,1,1,NaN,NaN,1,1,NaN,NaN,1,1,1,1,1,1,1,1,1,1,NaN,1,NaN,1,1,1,1,1,1,1,1,1,1,1,1,1,1,1,NaN,1,1,1,1,1,1,1,1,1,1,1,1,1,1,1,1.177479759345,1,1,NaN,1.18003739071727,NaN,1,1,1,1,1,1,1,1,1,1,1,1,1,1,1,1,NaN,1,1,1,1,NaN,1,1,1,1,1,1.24822535638093,1,1,1.15198676760269,1,1.29950706113674,1.13253546052816,1.84656549903445,1.67874000927071,1.32376948922439,1.41513137966183,1.26208466703706,1.78913630774192,1.31878717674005,1,1,1,1,1,1,NaN,1,1,1,1,1,1,1,1,1,1,1,1,1,1,1,1
1,1,1,1,1,NaN,NaN,1,NaN,NaN,1,NaN,1,NaN,1,1,1,1,1,1,1,1,1,1,1,1,1,1,1,1,1,1,1,1,1,1,1,1,1,1,1,1,1,1,1,1,1,1,1,1,1,1,NaN,1,1,1,1,1,1,1,1,1,1,1,1,1,1,1,1,1,1,1,1,1,1,1,1,1,1,1,1,1,1,NaN,1,1,1,1,1,1,1,1,1.87347044774885,1.32169747335269,1,1.73778248566448,1.47782198684031,1.71686444208047,1.40026852290643,1.35021903516543,1,1,1,1,1,1,1,1,1,1,1,1,1,1,1,1,1,1,1,1,1,1,1
1.33494210952016,1.56942003191308,1.3151248891335,1.79297809606893,1.14270268983241,1.221518009839,1.12824286575844,1.19598466369886,1,1,1,2.54486022591927,1,1,2.17670962819917,1,NaN,NaN,1,1,1,1.25125933593443,1,1,2.02107873295358,1.221518009839,1,1,NaN,1,1,1,1.21831308208224,1,1,NaN,1,1,NaN,NaN,1,1,NaN,NaN,1,5.15395288723163,1,1,1,1,NaN,1,1.23859907881302,1.59251057892709,1,1.441571830992,NaN,1.7818732380655,1,1,1,NaN,1,1,1,1,NaN,1,1,NaN,5.30556841031959,NaN,1,1,1,1,1,1,1,1.15725520778432,1.27381410458453,1,1.56304587778983,1.32149183975298,1.83844416673449,1.68501652328536,1.7699905978603,1.23243481660586,1.61161250754352,1.59698883504937,1.41304317549943,1.70624634367537,1.59117566347546,1.45148486892727,1.86831084452891,1.19618156158746,1.66462156738666,1.36492531481992,1.36117782031175,1.49529994457544,NaN,1,1,1,1,1,1,NaN,1,1,1,1,1,1,1,1,1,1,NaN,NaN,1,1,1
1.27770376826485,1.221518009839,1,1.36340444862104,1,1,1,NaN,1,NaN,1,1,1,1,3.83982236255542,1,1,1,1,1,1,NaN,1,NaN,1.36340444862104,NaN,1,1,1,1,1,1,1,1,1,NaN,1,1,1,1,1,1,NaN,1,1,1,1,1,1,1,1,1,1,1,1,1,1,1,1.25884929765932,1,1,1,1,1.11432785524032,NaN,1,1,1,1,NaN,1,1,1,1,1,1,1,1,1,NaN,1.78516445230604,1,1,1,1,1,1,1,1,1,1,1,1,1,1,1,1,1,1,1,1.45974075283847,1.57226623346062,1.82477141667244,1.72003362008292,1.62489440274303,1.99195066808965,1.80463546586411,1.6569563198615,NaN,1.25337019681132,1,1,1,NaN,1,NaN,1,1,1,1,NaN,NaN,1
1,1,1.49303850331031,1,1,1.32707351273169,1.39059564570272,1.44224957030778,1.64369156184854,1.5834670448112,1.54545979574576,1,1,1.1676491119429,1.67590876353829,1.95924025375803,1,1,1.34861308754834,1.46733389231381,1,1,1,1,1.78852649926714,1,1,1,1,1,1,1,1,NaN,1,1,1,1,1,1,1,NaN,1,1,NaN,1,1,1,1,1,1,NaN,NaN,NaN,1,1,1,1,1,1,1,1,1,1,1,1,1,1,1,1,1,1,1,1,1,1,1,1,1,1,1,1,1,1,1,1,1,1,1,1,1,1,1,1,1,1,1,1,1,1,1.57875922906187,1.52336068865249,1,1,1.88469839597351,1.7682780861602,1.26213746791716,1.28037577824765,1,1,1,1,NaN,1,1,1,1,1,1,1,1,1,1
1,1,NaN,1,1,1,1,1,1,1,1,1,1,1,1,1,1,1,1,1,1,1,1,1,1,1,1,1,1,1,1,1,1,1,1,1,1,1,1,1,1,1,1,1,1,1,1,1,1,1,1,1,1,1,1,1,1,1,1,1,1,1,1,1,1,1,1,1,1,1,1,1,1,1,1,1,1,1,1,1,1,1,1,1,1,1,1,1,1,1,1,1,1,1,1,1,1,1,1,1,1.82090743070597,1,1.75760618523466,1.65498111490584,1,1,1,1,1,1,1,1,1,1,1,1,NaN,1,1,1,1,1,1
1,1,1,1,1,1,1,1,1,1,1,1,1,1,NaN,1,1,1,1,1,1,1,1,1,1,1,1,1,1,1,1,1,1,1,1,1,1,1,1,1,1,1,1,1,1,1,1,1,1,1,1,1,1,1,1,1,1,1,1,1,1,1,1,1,1,1,1,1,1,1,1,1,1,1,1,1,1,1,1,1,1,1,1,1,1,1,1,1,1,1,1,1,1,1,1,1,1,1,1,1,1.74851931147357,1,1.6826082499491,2.0057469614612,NaN,1,NaN,1,1,1,1,1,1,1,1,1,1,1,1,1,1,1,1
1,NaN,1,1,1,1,1,1,1,1,1,1,1,1,1,1,1,1,1,1,1,1,1,1,1,1,1,1,1,1,1,1,1,1,1,1,1,1,1,1,1,1,1,1,1,1,1,1,1,1,1,1,1,1,1,1,1,1,1,1,1,1,1,1,1,1,1,1,1,1,1,1,1,1,1,1,1,1,1,1,1,1,1,1,1,1,1,1,1,1,1,1,1,1,1,1,1,1,1,1,1.61635132751265,1.88890657510333,1,1,1.41111742970273,1.31307800514748,1,1,1,1,1,1,1,1,1,1,1,1,1,1,1,1,1
1,1.23160288631568,NaN,1,1,NaN,1,1,NaN,1,1,1,1,1,1,1,1,1,1,NaN,1,1,1,1,NaN,1,1,1,1,1,1,1,1,1,1,1,1,1,1,1,1,1,1,1,1,1,1,1,1,1,1,1,1,1.56597179841528,1,1,1,1,1,1,1,1,1,1.36340444862104,1,1,1,1,1,1,1,1,1,1,1,1,1,1,1,1,1,1,1,1,1,1,1,1,1,1,1,1,1,1,1,1,1,1,1,1,1.85797606836331,1.78036347107626,1,NaN,1.19572092783327,1.45243236175438,1.36175005202037,1.23613719378584,1,1,1,1,1.26781972206591,1,1,1,1.37304667061898,1,NaN,1,1,1,1
1.78440402933767,2.06112865853263,1.18288173717406,2.37804482986457,1,1.26957904539943,1.52590123575745,1.17236006786131,1.23781310873768,1.16531616377333,1,1.28041802578798,1,1.34126940760827,1.44846265001366,1,1,1,1.16982626492108,1,1,1.18090911583068,1,1.25992104989489,1.73739252339103,1.24855234563197,1,1,NaN,1,1.21615730811997,NaN,1.42421423342452,1.32364836948299,1,1,1,1,1,1,1,1,1,1,NaN,NaN,1,1,NaN,NaN,1.18288173717406,1.1676491119429,1.34909431375944,1.80176884559502,1,1.40245068002146,1,1,1.65639230572764,NaN,1.2133906058572,1.37103794885793,1.73413573088582,1.75664782257534,1,1,1.22867363906691,1,1,1,1,1,1,1,1,1.20841844492591,1,1.8240454688642,NaN,2.51984209979739,1.80638729009202,1,1.92198870000264,1,1,1,1,1,1,NaN,NaN,1,1,NaN,NaN,1,NaN,1,1,1.18920711500273,1.76206069855351,1.18586081363847,1,1,1,1.58344836598818,1.61238084189458,1.25223086644843,1.85578409989866,1.54157104079808,1.65380359569822,1.60811466995769,1.4724342257312,1.43851777465226,1.80706129389244,1.68129882970424,1,1.83921452219537,1,1,1.21592704705007,1.32783314469865,NaN
1.5986699769757,1.31873659175294,1.76550042888139,1.54740553369396,1.19936041644314,1.20708258328507,1.13859631462757,1.29146885432254,1.25992104989489,1,NaN,1,1,NaN,1,1,1,1,1,1,1,1,1,1,1.16329572083702,1,1,1,1,1,1,1,1,NaN,NaN,1,1,NaN,1,1,1,1,1,1,1,1,NaN,NaN,1,1,1,1,1,1.18288173717406,1,NaN,1,1,1,1,1,1,1.19936041644314,1.34981898843736,NaN,1,1,1,1,1,1,1,NaN,1,1,1.11900883045934,1,1.63336540845216,NaN,NaN,1.66099625819855,1,1.11738639048092,1,1,1,1,1,NaN,1,1,1,1,1,NaN,1,1,1,1,1,1.68215120143625,1.13995923661188,1,1,1,1.3451457951675,1.25409119793553,1.1412960068705,1.16752696053054,1.34998955488658,1.22714571059217,1.29950706113674,1.17731804503027,1.78111889966272,1.850305608637,1.55357445210635,NaN,2.25040051098754,1.36340444862104,NaN,1,2.00000000000009,1
1,1,NaN,NaN,1,NaN,1,1,1,NaN,1,1,1,1,1,1,1,1,1,1,1,NaN,1,1,NaN,1,1,1,1,1,NaN,NaN,1,1,1,1,1,1,1,1,1,1,1,1,1,1,1,1,1,1,1,1,1,1,1,1,1,1,1,1,NaN,1,1,1.30060928713755,1,1,NaN,1,1,1,1,1,1,1,NaN,1,1,NaN,1,1,1,1,NaN,1,1,1,1,1,1,1,1,1,1,1,1,1,1,1,1,1,1,1,1,1,1,1,1.84275057168499,1,1.41569179388166,1.51171210841738,1.67001242427,1,1,1,1,1,1,1,1,1,1,1,1
1,1.27770376826485,1,1,1,1,1.79192969794994,1,1,1,1,1.15549772075248,1,NaN,1,1,1,1,1,1,1,1,1,1,1.32168090571772,1,1,1,1,1,1,NaN,1,1,1,1,1,1,NaN,1,1,NaN,1,1,1,1,1,1,1,1.34435690888581,1,1,1,1.35139663117218,1,NaN,NaN,1,1.46417199065444,1.35750597861774,1.13490708273967,1.22867363906691,1.47156078811987,1.87932770590405,1.50953863362118,1.54847436198652,1,1,1,1,NaN,1,NaN,1,1,1,1,1.3015622948519,1,1,1.11900883045934,1,1,NaN,1,1,1,1,1,1,1,1,1,1,1,1,1,1,1,1,1.18920711500273,1,1,1,1,1.36340444862104,1.50145225041121,1.25049638239771,1.47468708417787,1.28240262933501,1.43595251096404,1,1,1.13490708273967,1,1.25814184064328,1,1,1,1,1.59188519777604,NaN,1
1,1,1,1,1,1,4.8858175059524,1.32707351273169,1.17236006786131,1.21196673213245,1,1.14863063706444,1,1,1,1,1,1,1.24507078588052,1,1,1,1,1,1.37647061107548,1.24507078588052,1,1,NaN,1,1.1676491119429,1,1.13257398902511,1,1,NaN,1,1,NaN,1,1,1,1,1,1,1,1,1,1,1,1.18920711500273,1,1.22428301721916,1.49753895126053,1,NaN,NaN,1,1.52200377980399,1,1.24822535638093,1.2151588361542,1.71887451369513,1.34341370435672,1.26907367449351,1.43192074426525,1.16329572083702,1,1,1,1,1,1,1,1,1,1,1.19936041644314,1,1,1,NaN,1.32707351273169,1,1,1,1,1,1,1,1,1,1,1,1,1,NaN,1,1,1,1.2821531359777,1,1,1,1,1,1.66097454376848,1.18890827801243,1.69229668753662,1.44116873087206,1.41083965136386,1,1,1,1,1.19013365521224,1,1,NaN,1,1.26734806896582,1,1
1,1,1,1,1,1,1,1,1,1,1,1,1,1,1,1,1,1,1,1,1,1,1,1,1,NaN,1,1,1,1,1,1,1,1,1,1,1,1,1,1,1,1,1,1,1,1,1,NaN,1,1,1,1,NaN,1,1,1,1,1,NaN,1,1,1,1,1,1,1,1,1,1,1,1,1,1,1,1,1,1,1.6325269194382,1,1,1,1,NaN,1,1,NaN,1,1,1,1,1,1,1,1,1,1,1,1,1,1,1,1,1,1,1,1,1.60461696417038,1,1,1,1,1.61316508281165,1,1.79627212516281,1.35598615086257,1.29950706113674,1,1.14561011444293,NaN,1,1,NaN,1
1,1,1,1,1,1,1,1,1,1,1,1,1,1,1,1,1,1,1,1,1,1,1,1,1,1,1,1,1,1,1,1,1,1,1,1,1,1,1,1,1,1,1,1,1,1,1,1,1,1,1,1,1,1,1,1,1,1,1,1,1,1,1,1,1,1,1,1,1,1,1,1,1,1,1,1,1,1,1,1,1,1,1,1,1,1,1,1,1,1,1,1,1,1,1,1,1,1,1,1,1,NaN,1,1,1,1.13490708273967,1.42569007309672,1,1,NaN,NaN,1,1.34058370362925,1.28067370815115,1.75932160998868,1,1.31754882000036,1,1,1,1,1,1
1,2.22638105639804,1,1.6325269194382,1,1,1,1,NaN,1,1,1,1,1,NaN,NaN,1,1,1,NaN,1,1,1,1,1,1,1,1,1,1,NaN,1,NaN,1,1,1,1,1,1,1,1,1,1,1,1,NaN,1,1,1,1,1,1,1,1,1,1,1,1,1,1,1,1,1,1.14561011444293,1,1,1,1,1,1,1,1,1,1,1,1,1,1.39915078771711,1,1,1,1,1,1,1,1,1,1,1,1,1,1,1,1,1,1,1,1,1,1,1,1,1,1,1,1,1.56870908405959,1.7962345225138,NaN,1,1.13257398902511,1.8783956709797,1.36073416343143,1.21235350787902,1.74749682704101,1.34262895477817,1,1.64406574919109,1,1,1,1.47464620441419,1
1,1,NaN,2.07842485034028,NaN,1,1,NaN,NaN,1,1,1,1,1,1,1,1,1,1,NaN,1,NaN,1,1,1,NaN,1,1,1,1,NaN,1,1,1,1,1,1,1,1,1,1,NaN,1,1,1,1,1.60422053890348,1.27521118384437,1,1,1,1,NaN,1,1,1,1,1,1,1,1,1,1,1,NaN,1,NaN,1,1.64509431867262,NaN,1,1.38759020580549,NaN,1,1,1,1,1.19598466369886,1,1,1,1,1,1,1,1,1,1,1,1,1,1,1,1,1,1,1,1,1,1,1,1,1,1,1,1,1.8115928936438,1.1676491119429,1,1,1.17236006786131,1.31904078893452,1.75436171065169,1.78382814782815,1.50660352828612,1.58503918945744,1.3569750836732,1.57760058253238,1.20320315601821,2.05633245396695,1,1.47595062877844,1
2.00656867046424,2.77422749213698,1.85330217301938,1.76429707102738,2.85854177178009,1.243839289547,1.40171831391018,1.3850781785226,1,1.29731948389833,1,1.42768306994342,1,1.71641155585965,3.73853849689631,1,1,1,1.76112410819403,2.14535283618038,1,NaN,1,1,1.74289646972428,2.62196027119974,1,1,NaN,NaN,NaN,1,1.29950706113674,1,NaN,1,1,1,1,1,1,NaN,NaN,NaN,1,1,1,1.30790980031132,1,1,1,1,1,1.43159686460421,1,1,1,1,1,1,1,1,1.36471251673796,2.14322553201701,1,1,NaN,NaN,1,3.61227764220601,1,NaN,1,NaN,1,1,1,1.36340444862104,1,1,1,1,NaN,1,1,1,1,1,1,1,1,1,1,1,1,1,1,NaN,1,NaN,1,1,1,1,1,1,1.72349295079233,1.24507078588052,1,1.24189339442956,1.37178202235842,1,1,1.39818325512744,1.60752579325078,1.48838360832811,1,1.45448815385921,2.91422286293028,1,1,1.25219190591627,1.37878506044655
1,1,1,1,1,1,1,1,1,1,1,1,1,1,1,1,1,1,1,1,1,1,1,1,NaN,1,1,1,1,1,1,1,1,1,1,1,1,1,1,1,1,1,1,1,1,1,1,1,1,1,1,1,1,NaN,1,1,1,1,1,1,1,1,1,1,1,1,1,1,1,1,1,1,1,1,1,1,1,1,1,1,1,1,1,1,1,1,1,1,1,1,1,1,1,1,1,1,1,1,1,1,NaN,1,1,1,1,1.32168090571772,1,1,1,NaN,1,NaN,1.42533228957362,1,1.43169804982538,1.32707351273169,1.29521924706713,1.78924594517258,1,1,1,NaN,1
1,1,1,1.33944655845854,NaN,1,1,NaN,1,1,1,1,1,1,1,1,1,1,1,NaN,1,1,1,1,1,1,1,1,1,1,1,1,1,1,1,1,1,1,1,1,1,1,1,1,1,1,NaN,2.39043145475926,1,1,1,1,1,1.25125933593443,NaN,1,NaN,1,1,1,1,1,1,1.13490708273967,1,1,NaN,1,1,1,1,1,1,1,1,NaN,1,1.96686790989264,1,1,NaN,1,1,1,1,1,1,1,NaN,1,1,1,1,1,1,1,1,1,1,1,1,1,1,1,1,1,1.80040072347794,1.21196673213245,1,1,1.17471491864596,1.25443261086518,NaN,1.68612290164763,1.58480473836591,1.41323523051795,1.80472558098659,1.5182297973524,1.19802762913874,NaN,1,1.6127427226612,1.35810419610781
2.1982336551453,3.98749400714709,1.79556115073628,1.93608529659119,1.97382509697699,1.54349489380618,1.46007197813481,1.58623763578625,2.40605860229606,1.87225756631063,1,1.38352591577038,1,1,3.72117960423138,1,NaN,1.49210624836104,1.15198676760269,1,NaN,1,1,1,1.68703035435275,3.36324887356308,1,1,1.15198676760269,1,1,1,NaN,1,1,1,1,1,NaN,NaN,1,1.26392875186591,1,1.81551821707643,1,2.82046901353837,1.77214481712034,1,1.70072185763557,1.52814388822263,1,1,1,1,1,1,1,NaN,1,1,1,1,1,1,1,1,1,1.46381725040902,1.81178093693414,1.60517242111825,1.73412124035896,1.82708705568388,1.32099742575406,1.27863700699257,1,1,1,1,1,1,1,1,1,1,1,1,1,1,1,1,1,1,1,1,1,1,1,1,1,1,NaN,1,1,1,1,1,1.44296798391268,1.21196673213245,1,NaN,1,1,1,1,1.19936041644314,3.06691002958485,1,1.27501112279344,1.48897999045461,1.364291401412,1.83091517012339,1.59483939593011,1.2646475979985
1,1,1,1,3.11297347240398,1,1,1,1,1,NaN,1.77744462571247,1,NaN,1,1,1,1,NaN,1,1,1.41421356237313,1,1,1,1,1,1,NaN,1,1,1,1,1,1,1,1,1,1,1,1,1,1,1,NaN,1,1.27080784706965,NaN,1.21196673213245,1,1,1,1,1,1,1,1,1,1,1,1,1,1,1,1,1,1,1,1.34769056323372,1.31057955361979,1.703103588513,1.86276255124275,1.24427188967351,1.1721471489539,1,1,1,1,1,1,1,1,1,1,1,1,1,1,1,1,1,1,1,1,1,1,1,1,1,1,1,1,1,1,1,1,NaN,1,1,1,1,1,1,1,1.91682998201035,1,1,1,1.20844330897525,1.18805548997038,1.41418041082997,1.41619693670005,2.76531270810155
1,NaN,1,1,NaN,1.21196673213245,1.27621002792761,1,1,1,1,1,1,1.15549772075248,1,1,1,1,1,1,1,NaN,1,1,1.518815219789,1.22785872880073,1,1.16329572083702,1.77131140393362,1,1,1,1,1,1,1,1,1,1,NaN,NaN,1,1.21196673213245,1.49210624836104,1,1,1.8893644897372,1.28348144983964,1.83333416362781,1.67665565540709,1,1,1,1,1,1,1,1,NaN,1,1,1,1,1.51792562972733,1.77817759897565,1.39308189755241,1,1,1.74722537478324,1,1,1.17236006786131,1,NaN,1,1,1,1.32025703973858,1,NaN,2.21343169589609,1,1,1,1,1,1,1,1,1,1,1,1,1,1,1,1,1,1,1,1,1,1,1,1,1,1.15725520778432,1,1,1.5550010148333,1.29307056806929,NaN,1,1,NaN,1,1,1,1.77092905482055,1.38758245143167,1.19682945309251,1,1.22649422338957
1.74984993486484,1.57415189751462,2.92234895467624,1.69416060087917,2.47901640165824,1.65041523020843,1.49994418874677,1.85057840733571,1.77104061285083,1,1,1,1,1,1,1,1,1,NaN,1,1,1,1,1,1.28664614402809,1,1,NaN,1,1,1,1,1,1,1,1,1,1,1,NaN,1,1.27770376826485,1,NaN,1,1,1.18307015360506,1,1.27566550512469,1,1,NaN,1,1,1,1,1,1,1,1,1,1,1,NaN,1,1,1,1,1.35986046741184,1,1,1.1676491119429,1,1,1,1,1,1.63446306806257,1,1,NaN,1,1,NaN,1,1,1,1,NaN,1,1,1,1,1,1,1,1,1,1,1,1,1,1,1,1,1,1.54656162956546,1,1,1,NaN,1,1,1.27091467251688,1.499455945797,1.25360352902245,1,1.69883957450529,1.63658794758785,1.5303544079146,1.31275443063472,1.46423844970868,1.24791810527154
1,1,1,1,3.05022138483228,1,1,1,1.41421356237313,1,1,1.42090032938238,1,1,1,1,1,1,1,1,1,1.4198429882398,1,NaN,1.27621002792761,1,1,1,NaN,1,1,1,1,1,1,1,1,1,1,1,1,2.99999999999888,1,1,1,1,1.21157814719086,NaN,1.26957904539943,1,1,1,1,NaN,1,1,1,1,1,1,1,1,1,1,1,1,1,NaN,1.32050108204462,1,3.99600427613047,1.11738639048092,1,1,1,1,1,NaN,1,1,1,1,1,1,1,1,1,1,1,1,1,1,1,1,1,1,1,1,1,1,1,1,1,1,1,1,1,1,1,1,NaN,1,1,NaN,1.32707351273169,1.39061700925364,1,1.28417176798903,1.28943900691799,2.72679775599893,1.37556357556778,1.25730901871095,1.16426037337861
